analysis,x,y,n,rho,p_conventional,p_permutation,notes,source
manuscript_main_tex,,,,,,,No Spearman rho is reported in paper/main.tex (body or appendix). No manuscript p-value edits required.,paper/main.tex
artifact_not_in_manuscript:SAE_residual_vs_DenseRidge_vs_log10P,log10P,S_sae,16,0.091311,0.736631,0.9426,n=16 rungs; family-clustered (conventional p treats rungs as IID). Historical drafts reported SAE/BSF L_R vs log10P ≈ +0.11/+0.13; removed from current main.tex. Family-preserving perm (permute S_sae within family; B=9999): p_MC=(b+1)/(B+1)=0.9426.,outputs/paper_alignment_controls/residual_sparse_lift.csv
artifact_not_in_manuscript:BSF_residual_vs_DenseRidge_vs_log10P,log10P,S_bsf,16,0.142857,0.597641,0.7412,n=16 rungs; family-clustered (conventional p treats rungs as IID). Historical drafts reported SAE/BSF L_R vs log10P ≈ +0.11/+0.13; removed from current main.tex. Family-preserving perm (permute S_bsf within family; B=9999): p_MC=(b+1)/(B+1)=0.7412.,outputs/paper_alignment_controls/residual_sparse_lift.csv
artifact_not_in_manuscript:SAE_vs_dense_native_vs_log10P,log10P,raw_sae,16,0.284242,0.285997,,n=16 rungs; family-clustered (conventional p treats rungs as IID). Historical drafts reported SAE/BSF L_R vs log10P ≈ +0.11/+0.13; removed from current main.tex.,outputs/paper_alignment_controls/residual_sparse_lift.csv
artifact_not_in_manuscript:BSF_vs_dense_native_vs_log10P,log10P,raw_bsf,16,0.222386,0.407768,,n=16 rungs; family-clustered (conventional p treats rungs as IID). Historical drafts reported SAE/BSF L_R vs log10P ≈ +0.11/+0.13; removed from current main.tex.,outputs/paper_alignment_controls/residual_sparse_lift.csv
artifact_not_in_manuscript:lift_vs_A_log,lift_ridge,A_log,16,0.45,0.0802957365433964,,Geometry artifact with scipy p; not cited as Spearman in current manuscript. n=16 non-IID.,outputs/ridge_scaling_geometry/lift_vs_anisotropy_spearman.csv
artifact_not_in_manuscript:lift_vs_D_sim,lift_ridge,D_sim,16,0.2794117647058823,0.2946176535684144,,Geometry artifact with scipy p; not cited as Spearman in current manuscript. n=16 non-IID.,outputs/ridge_scaling_geometry/lift_vs_anisotropy_spearman.csv
artifact_not_in_manuscript:lift_vs_kappa_95_5,lift_ridge,kappa_95_5,16,0.35,0.1838688220261931,,Geometry artifact with scipy p; not cited as Spearman in current manuscript. n=16 non-IID.,outputs/ridge_scaling_geometry/lift_vs_anisotropy_spearman.csv
artifact_not_in_manuscript:spectrum_mknn_dense_ridge_vs_H_norm,mknn_dense_ridge,H_norm,16,0.064706,0.811825,,Recoverability vs spectrum; not in current manuscript. n=16 non-IID.,outputs/ridge_scaling_geometry/recoverability_vs_spectrum_spearman.csv
artifact_not_in_manuscript:spectrum_lift_ridge_vs_H_norm,lift_ridge,H_norm,16,-0.05,0.854107,,Recoverability vs spectrum; not in current manuscript. n=16 non-IID.,outputs/ridge_scaling_geometry/recoverability_vs_spectrum_spearman.csv
artifact_not_in_manuscript:spectrum_mknn_dense_ridge_vs_A_log,mknn_dense_ridge,A_log,16,0.414706,0.110229,,Recoverability vs spectrum; not in current manuscript. n=16 non-IID.,outputs/ridge_scaling_geometry/recoverability_vs_spectrum_spearman.csv
artifact_not_in_manuscript:spectrum_lift_ridge_vs_A_log,lift_ridge,A_log,16,0.45,0.080296,,Recoverability vs spectrum; not in current manuscript. n=16 non-IID.,outputs/ridge_scaling_geometry/recoverability_vs_spectrum_spearman.csv
artifact_not_in_manuscript:spectrum_mknn_dense_ridge_vs_D_sim,mknn_dense_ridge,D_sim,16,0.229412,0.392721,,Recoverability vs spectrum; not in current manuscript. n=16 non-IID.,outputs/ridge_scaling_geometry/recoverability_vs_spectrum_spearman.csv
artifact_not_in_manuscript:spectrum_lift_ridge_vs_r_eff_norm,lift_ridge,r_eff_norm,16,-0.261765,0.32741,,Recoverability vs spectrum; not in current manuscript. n=16 non-IID.,outputs/ridge_scaling_geometry/recoverability_vs_spectrum_spearman.csv
artifact_not_in_manuscript:spectrum_lift_ridge_vs_r90_frac,lift_ridge,r90_frac,16,-0.151582,0.575207,,Recoverability vs spectrum; not in current manuscript. n=16 non-IID.,outputs/ridge_scaling_geometry/recoverability_vs_spectrum_spearman.csv
