family,model,parameter_count,log10_params,mode,k,k_frac,energy_retained,mknn,mknn_dense,mknn_full_ridge,lift,lift_frac_of_full
astropt,official_legacy_cross_astropt_15m,15000000,7.176091259055681,rank,8,0.020833333333333332,0.6648197325307745,0.026335062557216966,0.017485505035093073,0.03201098565761367,0.008849557522123894,0.6092436974789915
astropt,official_legacy_cross_astropt_15m,15000000,7.176091259055681,rank,16,0.041666666666666664,0.788089283664116,0.03152273420811718,0.017485505035093073,0.03201098565761367,0.014037229173024107,0.9663865546218487
astropt,official_legacy_cross_astropt_15m,15000000,7.176091259055681,rank,32,0.08333333333333333,0.88203227034532,0.03103448275862069,0.017485505035093073,0.03201098565761367,0.013548977723527617,0.9327731092436975
astropt,official_legacy_cross_astropt_15m,15000000,7.176091259055681,rank,64,0.16666666666666666,0.9485943422076231,0.03185840707964602,0.017485505035093073,0.03201098565761367,0.014372902044552945,0.9894957983193278
astropt,official_legacy_cross_astropt_15m,15000000,7.176091259055681,rank,128,0.3333333333333333,0.9884215731809799,0.0320415013732072,0.017485505035093073,0.03201098565761367,0.014555996338114129,1.0021008403361344
astropt,official_legacy_cross_astropt_15m,15000000,7.176091259055681,rank,256,0.6666666666666666,0.9995951634765118,0.0320415013732072,0.017485505035093073,0.03201098565761367,0.014555996338114129,1.0021008403361344
astropt,official_legacy_cross_astropt_15m,15000000,7.176091259055681,rank,384,1.0,1.0,0.03201098565761367,0.017485505035093073,0.03201098565761367,0.014525480622520598,1.0
astropt,official_legacy_cross_astropt_15m,15000000,7.176091259055681,energy,4,0.010416666666666666,0.5,0.0209948123283491,0.017485505035093073,0.03201098565761367,0.003509307293256027,0.2415966386554622
astropt,official_legacy_cross_astropt_15m,15000000,7.176091259055681,energy,13,0.033854166666666664,0.75,0.030973451327433628,0.017485505035093073,0.03201098565761367,0.013487946292340555,0.9285714285714286
astropt,official_legacy_cross_astropt_15m,15000000,7.176091259055681,energy,38,0.09895833333333333,0.9,0.0309429356118401,0.017485505035093073,0.03201098565761367,0.013457430576747028,0.9264705882352944
astropt,official_legacy_cross_astropt_15m,15000000,7.176091259055681,energy,66,0.171875,0.95,0.03182789136405249,0.017485505035093073,0.03201098565761367,0.014342386328959414,0.9873949579831933
astropt,official_legacy_cross_astropt_15m,15000000,7.176091259055681,energy,135,0.3515625,0.99,0.03188892279523955,0.017485505035093073,0.03201098565761367,0.014403417760146475,0.9915966386554622
astropt,official_legacy_cross_astropt_15m,15000000,7.176091259055681,energy,384,1.0,1.0,0.03201098565761367,0.017485505035093073,0.03201098565761367,0.014525480622520598,1.0
astropt,official_legacy_cross_astropt_95m,95000000,7.977723605288848,rank,8,0.010416666666666666,0.563988086521671,0.033628318584070796,0.02187976808056149,0.048245346353371986,0.011748550503509307,0.44560185185185186
astropt,official_legacy_cross_astropt_95m,95000000,7.977723605288848,rank,16,0.020833333333333332,0.6744508522863464,0.04195910894110467,0.02187976808056149,0.048245346353371986,0.02007934086054318,0.7615740740740741
astropt,official_legacy_cross_astropt_95m,95000000,7.977723605288848,rank,32,0.041666666666666664,0.7784350287388703,0.04650595056454074,0.02187976808056149,0.048245346353371986,0.02462618248397925,0.9340277777777778
astropt,official_legacy_cross_astropt_95m,95000000,7.977723605288848,rank,64,0.08333333333333333,0.8711863772731314,0.04751296917912725,0.02187976808056149,0.048245346353371986,0.02563320109856576,0.9722222222222222
astropt,official_legacy_cross_astropt_95m,95000000,7.977723605288848,rank,128,0.16666666666666666,0.9468303724402868,0.04787915776624962,0.02187976808056149,0.048245346353371986,0.02599938968568813,0.9861111111111112
astropt,official_legacy_cross_astropt_95m,95000000,7.977723605288848,rank,256,0.3333333333333333,0.9892094096494158,0.048245346353371986,0.02187976808056149,0.048245346353371986,0.026365578272810497,1.0
astropt,official_legacy_cross_astropt_95m,95000000,7.977723605288848,rank,768,1.0,1.0,0.048245346353371986,0.02187976808056149,0.048245346353371986,0.026365578272810497,1.0
astropt,official_legacy_cross_astropt_95m,95000000,7.977723605288848,energy,6,0.0078125,0.5,0.028074458346048214,0.02187976808056149,0.048245346353371986,0.006194690265486726,0.2349537037037037
astropt,official_legacy_cross_astropt_95m,95000000,7.977723605288848,energy,27,0.03515625,0.75,0.045407384803173634,0.02187976808056149,0.048245346353371986,0.023527616722612145,0.8923611111111112
astropt,official_legacy_cross_astropt_95m,95000000,7.977723605288848,energy,82,0.10677083333333333,0.9,0.04784864205065609,0.02187976808056149,0.048245346353371986,0.0259688739700946,0.9849537037037037
astropt,official_legacy_cross_astropt_95m,95000000,7.977723605288848,energy,133,0.17317708333333334,0.95,0.04784864205065609,0.02187976808056149,0.048245346353371986,0.0259688739700946,0.9849537037037037
astropt,official_legacy_cross_astropt_95m,95000000,7.977723605288848,energy,263,0.3424479166666667,0.99,0.04830637778455905,0.02187976808056149,0.048245346353371986,0.02642660970399756,1.0023148148148149
astropt,official_legacy_cross_astropt_95m,95000000,7.977723605288848,energy,768,1.0,1.0,0.048245346353371986,0.02187976808056149,0.048245346353371986,0.026365578272810497,1.0
astropt,official_legacy_cross_astropt_850m,850000000,8.929418925714293,rank,8,0.00390625,0.47326202459038547,0.02413793103448276,0.026212999694842844,0.050167836435764425,-0.0020750686603600854,-0.08662420382165603
astropt,official_legacy_cross_astropt_850m,850000000,8.929418925714293,rank,16,0.0078125,0.5590381966766073,0.035428745804089105,0.026212999694842844,0.050167836435764425,0.009215746109246262,0.38471337579617826
astropt,official_legacy_cross_astropt_850m,850000000,8.929418925714293,rank,32,0.015625,0.6500056202860476,0.043210253280439426,0.026212999694842844,0.050167836435764425,0.016997253585596582,0.7095541401273884
astropt,official_legacy_cross_astropt_850m,850000000,8.929418925714293,rank,64,0.03125,0.74795097772141,0.04699420201403723,0.026212999694842844,0.050167836435764425,0.020781202319194385,0.8675159235668787
astropt,official_legacy_cross_astropt_850m,850000000,8.929418925714293,rank,128,0.0625,0.8485073173611425,0.048611534940494354,0.026212999694842844,0.050167836435764425,0.02239853524565151,0.9350318471337576
astropt,official_legacy_cross_astropt_850m,850000000,8.929418925714293,rank,256,0.125,0.9330802471158153,0.04894720781202319,0.026212999694842844,0.050167836435764425,0.022734208117180348,0.9490445859872608
astropt,official_legacy_cross_astropt_850m,850000000,8.929418925714293,rank,2048,1.0,1.0,0.050167836435764425,0.026212999694842844,0.050167836435764425,0.02395483674092158,1.0
astropt,official_legacy_cross_astropt_850m,850000000,8.929418925714293,energy,10,0.0048828125,0.5,0.02764723832773879,0.026212999694842844,0.050167836435764425,0.0014342386328959449,0.05987261146496828
astropt,official_legacy_cross_astropt_850m,850000000,8.929418925714293,energy,65,0.03173828125,0.75,0.04714678059200488,0.026212999694842844,0.050167836435764425,0.020933780897162038,0.873885350318471
astropt,official_legacy_cross_astropt_850m,850000000,8.929418925714293,energy,190,0.0927734375,0.9,0.04897772352761672,0.026212999694842844,0.050167836435764425,0.022764723832773878,0.9503184713375793
astropt,official_legacy_cross_astropt_850m,850000000,8.929418925714293,energy,308,0.150390625,0.95,0.04931339639914556,0.026212999694842844,0.050167836435764425,0.023100396704302716,0.9643312101910825
astropt,official_legacy_cross_astropt_850m,850000000,8.929418925714293,energy,628,0.306640625,0.99,0.05019835215135795,0.026212999694842844,0.050167836435764425,0.023985352456515105,1.0012738853503182
astropt,official_legacy_cross_astropt_850m,850000000,8.929418925714293,energy,2048,1.0,1.0,0.050167836435764425,0.026212999694842844,0.050167836435764425,0.02395483674092158,1.0
convnext,official_legacy_cross_convnext_nano,15000000,7.176091259055681,rank,8,0.0125,0.611006320710675,0.029874885566066524,0.017973756484589563,0.04110466890448581,0.01190112908147696,0.5145118733509235
convnext,official_legacy_cross_convnext_nano,15000000,7.176091259055681,rank,16,0.025,0.7383650997132708,0.036374732987488556,0.017973756484589563,0.04110466890448581,0.018400976502898993,0.7955145118733509
convnext,official_legacy_cross_convnext_nano,15000000,7.176091259055681,rank,32,0.05,0.8453779841630443,0.04015868172108636,0.017973756484589563,0.04110466890448581,0.022184925236496796,0.9591029023746702
convnext,official_legacy_cross_convnext_nano,15000000,7.176091259055681,rank,64,0.1,0.9224019168726674,0.04018919743667989,0.017973756484589563,0.04110466890448581,0.022215440952090326,0.9604221635883905
convnext,official_legacy_cross_convnext_nano,15000000,7.176091259055681,rank,128,0.2,0.9715270258972102,0.04070796460176991,0.017973756484589563,0.04110466890448581,0.022734208117180348,0.9828496042216359
convnext,official_legacy_cross_convnext_nano,15000000,7.176091259055681,rank,256,0.4,0.9949357793585569,0.04113518462007934,0.017973756484589563,0.04110466890448581,0.023161428135489777,1.0013192612137203
convnext,official_legacy_cross_convnext_nano,15000000,7.176091259055681,rank,640,1.0,1.0,0.04110466890448581,0.017973756484589563,0.04110466890448581,0.023130912419896246,1.0
convnext,official_legacy_cross_convnext_nano,15000000,7.176091259055681,energy,5,0.0078125,0.5,0.02233750381446445,0.017973756484589563,0.04110466890448581,0.0043637473298748855,0.18865435356200527
convnext,official_legacy_cross_convnext_nano,15000000,7.176091259055681,energy,18,0.028125,0.75,0.03716814159292035,0.017973756484589563,0.04110466890448581,0.01919438510833079,0.8298153034300791
convnext,official_legacy_cross_convnext_nano,15000000,7.176091259055681,energy,51,0.0796875,0.9,0.03982300884955752,0.017973756484589563,0.04110466890448581,0.021849252364967958,0.9445910290237467
convnext,official_legacy_cross_convnext_nano,15000000,7.176091259055681,energy,91,0.1421875,0.95,0.04064693317058285,0.017973756484589563,0.04110466890448581,0.022673176685993286,0.9802110817941952
convnext,official_legacy_cross_convnext_nano,15000000,7.176091259055681,energy,206,0.321875,0.99,0.04104363747329875,0.017973756484589563,0.04110466890448581,0.023069880988709185,0.9973614775725593
convnext,official_legacy_cross_convnext_nano,15000000,7.176091259055681,energy,640,1.0,1.0,0.04110466890448581,0.017973756484589563,0.04110466890448581,0.023130912419896246,1.0
convnext,official_legacy_cross_convnext_tiny,28000000,7.447158031342219,rank,8,0.010416666666666666,0.6069899237325265,0.0324382056759231,0.018462007934086054,0.04211168751907232,0.013976197741837046,0.5909677419354838
convnext,official_legacy_cross_convnext_tiny,28000000,7.447158031342219,rank,16,0.020833333333333332,0.7285595973293726,0.03832773878547452,0.018462007934086054,0.04211168751907232,0.019865730851388465,0.84
convnext,official_legacy_cross_convnext_tiny,28000000,7.447158031342219,rank,32,0.041666666666666664,0.8340472599134335,0.04153188892279524,0.018462007934086054,0.04211168751907232,0.023069880988709185,0.9754838709677419
convnext,official_legacy_cross_convnext_tiny,28000000,7.447158031342219,rank,64,0.08333333333333333,0.9131240310824017,0.04195910894110467,0.018462007934086054,0.04211168751907232,0.023497101007018614,0.9935483870967742
convnext,official_legacy_cross_convnext_tiny,28000000,7.447158031342219,rank,128,0.16666666666666666,0.9647137997545268,0.04247787610619469,0.018462007934086054,0.04211168751907232,0.024015868172108636,1.0154838709677418
convnext,official_legacy_cross_convnext_tiny,28000000,7.447158031342219,rank,256,0.3333333333333333,0.9917836597911417,0.042264266097039975,0.018462007934086054,0.04211168751907232,0.02380225816295392,1.0064516129032257
convnext,official_legacy_cross_convnext_tiny,28000000,7.447158031342219,rank,768,1.0,1.0,0.04211168751907232,0.018462007934086054,0.04211168751907232,0.023649679584986268,1.0
convnext,official_legacy_cross_convnext_tiny,28000000,7.447158031342219,energy,5,0.006510416666666667,0.5,0.025267012511443393,0.018462007934086054,0.04211168751907232,0.006805004577357339,0.28774193548387095
convnext,official_legacy_cross_convnext_tiny,28000000,7.447158031342219,energy,19,0.024739583333333332,0.75,0.040036618858712236,0.018462007934086054,0.04211168751907232,0.021574610924626182,0.912258064516129
convnext,official_legacy_cross_convnext_tiny,28000000,7.447158031342219,energy,56,0.07291666666666667,0.9,0.04168446750076289,0.018462007934086054,0.04211168751907232,0.023222459566676838,0.9819354838709677
convnext,official_legacy_cross_convnext_tiny,28000000,7.447158031342219,energy,101,0.13151041666666666,0.95,0.04253890753738175,0.018462007934086054,0.04211168751907232,0.024076899603295697,1.0180645161290323
convnext,official_legacy_cross_convnext_tiny,28000000,7.447158031342219,energy,239,0.3111979166666667,0.99,0.042325297528227036,0.018462007934086054,0.04211168751907232,0.023863289594140982,1.0090322580645161
convnext,official_legacy_cross_convnext_tiny,28000000,7.447158031342219,energy,768,1.0,1.0,0.04211168751907232,0.018462007934086054,0.04211168751907232,0.023649679584986268,1.0
convnext,official_legacy_cross_convnext_base,89000000,7.949390006644912,rank,8,0.0078125,0.5766957141723377,0.030302105584375953,0.019743667989014342,0.045437900518767164,0.010558437595361611,0.41092636579572445
convnext,official_legacy_cross_convnext_base,89000000,7.949390006644912,rank,16,0.015625,0.706420122461546,0.03921269453768691,0.019743667989014342,0.045437900518767164,0.019469026548672566,0.7577197149643705
convnext,official_legacy_cross_convnext_base,89000000,7.949390006644912,rank,32,0.03125,0.8117223543870911,0.04293561184009765,0.019743667989014342,0.045437900518767164,0.023191943851083308,0.9026128266033254
convnext,official_legacy_cross_convnext_base,89000000,7.949390006644912,rank,64,0.0625,0.8934970548865999,0.043698504729935916,0.019743667989014342,0.045437900518767164,0.023954836740921574,0.9323040380047506
convnext,official_legacy_cross_convnext_base,89000000,7.949390006644912,rank,128,0.125,0.9503132579601035,0.04470552334452243,0.019743667989014342,0.045437900518767164,0.024961855355508086,0.9714964370546318
convnext,official_legacy_cross_convnext_base,89000000,7.949390006644912,rank,256,0.25,0.9845769214774986,0.04525480622520598,0.019743667989014342,0.045437900518767164,0.02551113823619164,0.9928741092636579
convnext,official_legacy_cross_convnext_base,89000000,7.949390006644912,rank,1024,1.0,1.0,0.045437900518767164,0.019743667989014342,0.045437900518767164,0.025694232529752822,1.0
convnext,official_legacy_cross_convnext_base,89000000,7.949390006644912,energy,6,0.005859375,0.5,0.024382056759231004,0.019743667989014342,0.045437900518767164,0.0046383887702166615,0.18052256532066507
convnext,official_legacy_cross_convnext_base,89000000,7.949390006644912,energy,21,0.0205078125,0.75,0.0411962160512664,0.019743667989014342,0.045437900518767164,0.02145254806225206,0.834916864608076
convnext,official_legacy_cross_convnext_base,89000000,7.949390006644912,energy,69,0.0673828125,0.9,0.04379005187671651,0.019743667989014342,0.045437900518767164,0.024046383887702166,0.9358669833729216
convnext,official_legacy_cross_convnext_base,89000000,7.949390006644912,energy,128,0.125,0.95,0.04470552334452243,0.019743667989014342,0.045437900518767164,0.024961855355508086,0.9714964370546318
convnext,official_legacy_cross_convnext_base,89000000,7.949390006644912,energy,308,0.30078125,0.99,0.04531583765639304,0.019743667989014342,0.045437900518767164,0.0255721696673787,0.995249406175772
convnext,official_legacy_cross_convnext_base,89000000,7.949390006644912,energy,1024,1.0,1.0,0.045437900518767164,0.019743667989014342,0.045437900518767164,0.025694232529752822,1.0
convnext,official_legacy_cross_convnext_large,198000000,8.296665190261532,rank,8,0.005208333333333333,0.5608873389917801,0.031339639914555996,0.02108635947512969,0.047238327738785474,0.010253280439426304,0.3920653442240373
convnext,official_legacy_cross_convnext_large,198000000,8.296665190261532,rank,16,0.010416666666666666,0.6752414853698484,0.04101312175770522,0.02108635947512969,0.047238327738785474,0.019926762282575526,0.7619603267211202
convnext,official_legacy_cross_convnext_large,198000000,8.296665190261532,rank,32,0.020833333333333332,0.7783360466807351,0.044980164784864204,0.02108635947512969,0.047238327738785474,0.023893805309734513,0.9136522753792299
convnext,official_legacy_cross_convnext_large,198000000,8.296665190261532,rank,64,0.041666666666666664,0.8613579386907774,0.04623130912419896,0.02108635947512969,0.047238327738785474,0.02514494964906927,0.9614935822637106
convnext,official_legacy_cross_convnext_large,198000000,8.296665190261532,rank,128,0.08333333333333333,0.9246183786334915,0.046780592004882514,0.02108635947512969,0.047238327738785474,0.025694232529752822,0.9824970828471412
convnext,official_legacy_cross_convnext_large,198000000,8.296665190261532,rank,256,0.16666666666666666,0.9686949575232418,0.04711626487641135,0.02108635947512969,0.047238327738785474,0.02602990540128166,0.9953325554259043
convnext,official_legacy_cross_convnext_large,198000000,8.296665190261532,rank,1536,1.0,1.0,0.047238327738785474,0.02108635947512969,0.047238327738785474,0.026151968263655782,1.0
convnext,official_legacy_cross_convnext_large,198000000,8.296665190261532,energy,6,0.00390625,0.5,0.026823314006713457,0.02108635947512969,0.047238327738785474,0.0057369545315837656,0.2193698949824971
convnext,official_legacy_cross_convnext_large,198000000,8.296665190261532,energy,26,0.016927083333333332,0.75,0.04379005187671651,0.02108635947512969,0.047238327738785474,0.022703692401586817,0.868144690781797
convnext,official_legacy_cross_convnext_large,198000000,8.296665190261532,energy,96,0.0625,0.9,0.04671956057369545,0.02108635947512969,0.047238327738785474,0.02563320109856576,0.9801633605600933
convnext,official_legacy_cross_convnext_large,198000000,8.296665190261532,energy,184,0.11979166666666667,0.95,0.04720781202319194,0.02108635947512969,0.047238327738785474,0.02612145254806225,0.9988331388564761
convnext,official_legacy_cross_convnext_large,198000000,8.296665190261532,energy,454,0.2955729166666667,0.99,0.04714678059200488,0.02108635947512969,0.047238327738785474,0.02606042111687519,0.9964994165694282
convnext,official_legacy_cross_convnext_large,198000000,8.296665190261532,energy,1536,1.0,1.0,0.047238327738785474,0.02108635947512969,0.047238327738785474,0.026151968263655782,1.0
dinov2,official_legacy_cross_dino_small,22000000,7.342422680822207,rank,8,0.020833333333333332,0.6200706074179879,0.026548672566371685,0.022886786695148,0.034543790051876716,0.0036618858712236836,0.31413612565445054
dinov2,official_legacy_cross_dino_small,22000000,7.342422680822207,rank,16,0.041666666666666664,0.7581429096456616,0.03158376563930424,0.022886786695148,0.034543790051876716,0.00869697894415624,0.7460732984293194
dinov2,official_legacy_cross_dino_small,22000000,7.342422680822207,rank,32,0.08333333333333333,0.8710907278319069,0.03329264571254196,0.022886786695148,0.034543790051876716,0.010405859017393958,0.8926701570680629
dinov2,official_legacy_cross_dino_small,22000000,7.342422680822207,rank,64,0.16666666666666666,0.9487456984424254,0.03429966432712847,0.022886786695148,0.034543790051876716,0.01141287763198047,0.9790575916230366
dinov2,official_legacy_cross_dino_small,22000000,7.342422680822207,rank,128,0.3333333333333333,0.9883416965665474,0.034482758620689655,0.022886786695148,0.034543790051876716,0.011595971925541654,0.9947643979057592
dinov2,official_legacy_cross_dino_small,22000000,7.342422680822207,rank,256,0.6666666666666666,0.9995816852069738,0.03457430576747025,0.022886786695148,0.034543790051876716,0.011687519072322246,1.0026178010471205
dinov2,official_legacy_cross_dino_small,22000000,7.342422680822207,rank,384,1.0,1.0,0.034543790051876716,0.022886786695148,0.034543790051876716,0.011657003356728715,1.0
dinov2,official_legacy_cross_dino_small,22000000,7.342422680822207,energy,5,0.013020833333333334,0.5,0.022123893805309734,0.022886786695148,0.034543790051876716,-0.0007628928898382667,-0.06544502617801047
dinov2,official_legacy_cross_dino_small,22000000,7.342422680822207,energy,16,0.041666666666666664,0.75,0.03158376563930424,0.022886786695148,0.034543790051876716,0.00869697894415624,0.7460732984293194
dinov2,official_legacy_cross_dino_small,22000000,7.342422680822207,energy,40,0.10416666666666667,0.9,0.033628318584070796,0.022886786695148,0.034543790051876716,0.010741531888922795,0.9214659685863874
dinov2,official_legacy_cross_dino_small,22000000,7.342422680822207,energy,65,0.16927083333333334,0.95,0.034330180042722,0.022886786695148,0.034543790051876716,0.011443393347574,0.981675392670157
dinov2,official_legacy_cross_dino_small,22000000,7.342422680822207,energy,135,0.3515625,0.99,0.034513274336283185,0.022886786695148,0.034543790051876716,0.011626487641135184,0.9973821989528796
dinov2,official_legacy_cross_dino_small,22000000,7.342422680822207,energy,384,1.0,1.0,0.034543790051876716,0.022886786695148,0.034543790051876716,0.011657003356728715,1.0
dinov2,official_legacy_cross_dino_base,86000000,7.9344984512435675,rank,8,0.010416666666666666,0.5751753137176118,0.02545010680500458,0.019530057979859627,0.03286542569423253,0.005920048825144953,0.4439359267734556
dinov2,official_legacy_cross_dino_base,86000000,7.9344984512435675,rank,16,0.020833333333333332,0.6964987977740009,0.029386634116570033,0.019530057979859627,0.03286542569423253,0.009856576136710406,0.7391304347826086
dinov2,official_legacy_cross_dino_base,86000000,7.9344984512435675,rank,32,0.041666666666666664,0.8028475934332875,0.03146170277693012,0.019530057979859627,0.03286542569423253,0.011931644797070491,0.8947368421052632
dinov2,official_legacy_cross_dino_base,86000000,7.9344984512435675,rank,64,0.08333333333333333,0.8907998986644199,0.03240768996032957,0.019530057979859627,0.03286542569423253,0.012877631980469942,0.965675057208238
dinov2,official_legacy_cross_dino_base,86000000,7.9344984512435675,rank,128,0.16666666666666666,0.9537804633331904,0.03249923710711016,0.019530057979859627,0.03286542569423253,0.012969179127250534,0.9725400457665904
dinov2,official_legacy_cross_dino_base,86000000,7.9344984512435675,rank,256,0.3333333333333333,0.9890045875383611,0.03295697284101312,0.019530057979859627,0.03286542569423253,0.013426914861153494,1.0068649885583525
dinov2,official_legacy_cross_dino_base,86000000,7.9344984512435675,rank,768,1.0,1.0,0.03286542569423253,0.019530057979859627,0.03286542569423253,0.013335367714372902,1.0
dinov2,official_legacy_cross_dino_base,86000000,7.9344984512435675,energy,6,0.0078125,0.5,0.022978333841928593,0.019530057979859627,0.03286542569423253,0.0034482758620689655,0.2585812356979405
dinov2,official_legacy_cross_dino_base,86000000,7.9344984512435675,energy,23,0.029947916666666668,0.75,0.0305462313091242,0.019530057979859627,0.03286542569423253,0.011016173329264571,0.8260869565217391
dinov2,official_legacy_cross_dino_base,86000000,7.9344984512435675,energy,70,0.09114583333333333,0.9,0.03191943851083308,0.019530057979859627,0.03286542569423253,0.012389380530973451,0.9290617848970252
dinov2,official_legacy_cross_dino_base,86000000,7.9344984512435675,energy,122,0.15885416666666666,0.95,0.03252975282270369,0.019530057979859627,0.03286542569423253,0.012999694842844065,0.9748283752860412
dinov2,official_legacy_cross_dino_base,86000000,7.9344984512435675,energy,265,0.3450520833333333,0.99,0.03289594140982606,0.019530057979859627,0.03286542569423253,0.013365883429966433,1.002288329519451
dinov2,official_legacy_cross_dino_base,86000000,7.9344984512435675,energy,768,1.0,1.0,0.03286542569423253,0.019530057979859627,0.03286542569423253,0.013335367714372902,1.0
dinov2,official_legacy_cross_dino_large,300000000,8.477121254719663,rank,8,0.0078125,0.9942255196081736,0.024900823924321025,0.022245956667683857,0.03756484589563625,0.002654867256637168,0.17330677290836655
dinov2,official_legacy_cross_dino_large,300000000,8.477121254719663,rank,16,0.015625,0.9958038117382491,0.031217577052181873,0.022245956667683857,0.03756484589563625,0.008971620384498016,0.5856573705179283
dinov2,official_legacy_cross_dino_large,300000000,8.477121254719663,rank,32,0.03125,0.9971978289561861,0.035825450106805004,0.022245956667683857,0.03756484589563625,0.013579493439121147,0.8864541832669323
dinov2,official_legacy_cross_dino_large,300000000,8.477121254719663,rank,64,0.0625,0.9982993121072994,0.03655782728104974,0.022245956667683857,0.03756484589563625,0.014311870613365883,0.9342629482071713
dinov2,official_legacy_cross_dino_large,300000000,8.477121254719663,rank,128,0.125,0.9991461982757898,0.03713762587732682,0.022245956667683857,0.03756484589563625,0.014891669209642966,0.9721115537848606
dinov2,official_legacy_cross_dino_large,300000000,8.477121254719663,rank,256,0.25,0.9997135352095228,0.03744278303326213,0.022245956667683857,0.03756484589563625,0.015196826365578273,0.9920318725099602
dinov2,official_legacy_cross_dino_large,300000000,8.477121254719663,rank,1024,1.0,1.0,0.03756484589563625,0.022245956667683857,0.03756484589563625,0.015318889227952395,1.0
dinov2,official_legacy_cross_dino_large,300000000,8.477121254719663,energy,1,0.0009765625,0.5,0.00637778455904791,0.022245956667683857,0.03756484589563625,-0.015868172108635947,-1.0358565737051793
dinov2,official_legacy_cross_dino_large,300000000,8.477121254719663,energy,1,0.0009765625,0.75,0.00637778455904791,0.022245956667683857,0.03756484589563625,-0.015868172108635947,-1.0358565737051793
dinov2,official_legacy_cross_dino_large,300000000,8.477121254719663,energy,1,0.0009765625,0.9,0.00637778455904791,0.022245956667683857,0.03756484589563625,-0.015868172108635947,-1.0358565737051793
dinov2,official_legacy_cross_dino_large,300000000,8.477121254719663,energy,1,0.0009765625,0.95,0.00637778455904791,0.022245956667683857,0.03756484589563625,-0.015868172108635947,-1.0358565737051793
dinov2,official_legacy_cross_dino_large,300000000,8.477121254719663,energy,2,0.001953125,0.99,0.007628928898382667,0.022245956667683857,0.03756484589563625,-0.01461702776930119,-0.954183266932271
dinov2,official_legacy_cross_dino_large,300000000,8.477121254719663,energy,1024,1.0,1.0,0.03756484589563625,0.022245956667683857,0.03756484589563625,0.015318889227952395,1.0
dinov2,official_legacy_cross_dino_giant,1100000000,9.041392685158225,rank,8,0.005208333333333333,0.5576253194476506,0.0251754653646628,0.022123893805309734,0.038999084528532194,0.003051571559353067,0.18083182640144665
dinov2,official_legacy_cross_dino_giant,1100000000,9.041392685158225,rank,16,0.010416666666666666,0.6823321762560033,0.03259078425389075,0.022123893805309734,0.038999084528532194,0.010466890448581019,0.620253164556962
dinov2,official_legacy_cross_dino_giant,1100000000,9.041392685158225,rank,32,0.020833333333333332,0.7881289584300898,0.03652731156545621,0.022123893805309734,0.038999084528532194,0.014403417760146475,0.8535262206148282
dinov2,official_legacy_cross_dino_giant,1100000000,9.041392685158225,rank,64,0.041666666666666664,0.8722204457073749,0.03835825450106805,0.022123893805309734,0.038999084528532194,0.016234360695758315,0.9620253164556962
dinov2,official_legacy_cross_dino_giant,1100000000,9.041392685158225,rank,128,0.08333333333333333,0.932951470564284,0.038663411657003356,0.022123893805309734,0.038999084528532194,0.016539517851693622,0.9801084990958409
dinov2,official_legacy_cross_dino_giant,1100000000,9.041392685158225,rank,256,0.16666666666666666,0.9734483872361812,0.03875495880378395,0.022123893805309734,0.038999084528532194,0.016631064998474214,0.9855334538878843
dinov2,official_legacy_cross_dino_giant,1100000000,9.041392685158225,rank,1536,1.0,1.0,0.038999084528532194,0.022123893805309734,0.038999084528532194,0.01687519072322246,1.0
dinov2,official_legacy_cross_dino_giant,1100000000,9.041392685158225,energy,6,0.00390625,0.5,0.02194079951174855,0.022123893805309734,0.038999084528532194,-0.000183094293561184,-0.0108499095840868
dinov2,official_legacy_cross_dino_giant,1100000000,9.041392685158225,energy,25,0.016276041666666668,0.75,0.03548977723527617,0.022123893805309734,0.038999084528532194,0.013365883429966433,0.7920433996383364
dinov2,official_legacy_cross_dino_giant,1100000000,9.041392685158225,energy,86,0.055989583333333336,0.9,0.038205675923100396,0.022123893805309734,0.038999084528532194,0.016081782117790662,0.9529837251356239
dinov2,official_legacy_cross_dino_giant,1100000000,9.041392685158225,energy,165,0.107421875,0.95,0.03881599023497101,0.022123893805309734,0.038999084528532194,0.016692096429661275,0.9891500904159132
dinov2,official_legacy_cross_dino_giant,1100000000,9.041392685158225,energy,418,0.2721354166666667,0.99,0.039029600244125724,0.022123893805309734,0.038999084528532194,0.01690570643881599,1.0018083182640145
dinov2,official_legacy_cross_dino_giant,1100000000,9.041392685158225,energy,1536,1.0,1.0,0.038999084528532194,0.022123893805309734,0.038999084528532194,0.01687519072322246,1.0
vit,official_legacy_cross_vit_base,86000000,7.9344984512435675,rank,8,0.010416666666666666,0.807995151813103,0.01788220933780897,0.015257857796765334,0.02688434543790052,0.0026243515410436374,0.22572178477690288
vit,official_legacy_cross_vit_base,86000000,7.9344984512435675,rank,16,0.020833333333333332,0.8737590687174552,0.022245956667683857,0.015257857796765334,0.02688434543790052,0.006988098870918523,0.6010498687664042
vit,official_legacy_cross_vit_base,86000000,7.9344984512435675,rank,32,0.041666666666666664,0.9252852991175573,0.024931339639914556,0.015257857796765334,0.02688434543790052,0.009673481843149222,0.8320209973753281
vit,official_legacy_cross_vit_base,86000000,7.9344984512435675,rank,64,0.08333333333333333,0.9606942618219122,0.026762282575526396,0.015257857796765334,0.02688434543790052,0.011504424778761062,0.989501312335958
vit,official_legacy_cross_vit_base,86000000,7.9344984512435675,rank,128,0.16666666666666666,0.9840474058390805,0.027189502593835825,0.015257857796765334,0.02688434543790052,0.011931644797070491,1.026246719160105
vit,official_legacy_cross_vit_base,86000000,7.9344984512435675,rank,256,0.3333333333333333,0.9963137186426082,0.02728104974061642,0.015257857796765334,0.02688434543790052,0.012023191943851087,1.0341207349081367
vit,official_legacy_cross_vit_base,86000000,7.9344984512435675,rank,768,1.0,1.0,0.02688434543790052,0.015257857796765334,0.02688434543790052,0.011626487641135184,1.0
vit,official_legacy_cross_vit_base,86000000,7.9344984512435675,energy,2,0.0026041666666666665,0.5,0.007049130302105584,0.015257857796765334,0.02688434543790052,-0.00820872749465975,-0.7060367454068242
vit,official_legacy_cross_vit_base,86000000,7.9344984512435675,energy,5,0.006510416666666667,0.75,0.014220323466585291,0.015257857796765334,0.02688434543790052,-0.0010375343301800427,-0.08923884514435695
vit,official_legacy_cross_vit_base,86000000,7.9344984512435675,energy,23,0.029947916666666668,0.9,0.023863289594140982,0.015257857796765334,0.02688434543790052,0.008605431797375648,0.7401574803149606
vit,official_legacy_cross_vit_base,86000000,7.9344984512435675,energy,51,0.06640625,0.95,0.026335062557216966,0.015257857796765334,0.02688434543790052,0.011077204760451632,0.952755905511811
vit,official_legacy_cross_vit_base,86000000,7.9344984512435675,energy,168,0.21875,0.99,0.027220018309429356,0.015257857796765334,0.02688434543790052,0.011962160512664022,1.0288713910761156
vit,official_legacy_cross_vit_base,86000000,7.9344984512435675,energy,768,1.0,1.0,0.02688434543790052,0.015257857796765334,0.02688434543790052,0.011626487641135184,1.0
vit,official_legacy_cross_vit_large,307000000,8.487138375477187,rank,8,0.0078125,0.5310865118115093,0.024351541043637473,0.024412572474824534,0.04534635337198657,-6.1031431187061336e-05,-0.0029154518950437317
vit,official_legacy_cross_vit_large,307000000,8.487138375477187,rank,16,0.015625,0.6819853850351398,0.03396399145559963,0.024412572474824534,0.04534635337198657,0.009551418980775099,0.45626822157434405
vit,official_legacy_cross_vit_large,307000000,8.487138375477187,rank,32,0.03125,0.7946223785637903,0.04061641745498932,0.024412572474824534,0.04534635337198657,0.016203844980164785,0.7740524781341108
vit,official_legacy_cross_vit_large,307000000,8.487138375477187,rank,64,0.0625,0.8754104102875048,0.04330180042722002,0.024412572474824534,0.04534635337198657,0.018889227952395483,0.902332361516035
vit,official_legacy_cross_vit_large,307000000,8.487138375477187,rank,128,0.125,0.9366636878722634,0.04418675617943241,0.024412572474824534,0.04534635337198657,0.019774183704607873,0.9446064139941691
vit,official_legacy_cross_vit_large,307000000,8.487138375477187,rank,256,0.25,0.9782692062324645,0.044522429050961244,0.024412572474824534,0.04534635337198657,0.02010985657613671,0.9606413994169096
vit,official_legacy_cross_vit_large,307000000,8.487138375477187,rank,1024,1.0,1.0,0.04534635337198657,0.024412572474824534,0.04534635337198657,0.020933780897162038,1.0
vit,official_legacy_cross_vit_large,307000000,8.487138375477187,energy,8,0.0078125,0.5,0.024351541043637473,0.024412572474824534,0.04534635337198657,-6.1031431187061336e-05,-0.0029154518950437317
vit,official_legacy_cross_vit_large,307000000,8.487138375477187,energy,24,0.0234375,0.75,0.03787000305157156,0.024412572474824534,0.04534635337198657,0.013457430576747025,0.6428571428571429
vit,official_legacy_cross_vit_large,307000000,8.487138375477187,energy,83,0.0810546875,0.9,0.04375953616112298,0.024412572474824534,0.04534635337198657,0.019346963686298443,0.924198250728863
vit,official_legacy_cross_vit_large,307000000,8.487138375477187,energy,155,0.1513671875,0.95,0.044491913335367714,0.024412572474824534,0.04534635337198657,0.02007934086054318,0.9591836734693877
vit,official_legacy_cross_vit_large,307000000,8.487138375477187,energy,355,0.3466796875,0.99,0.045041196216051266,0.024412572474824534,0.04534635337198657,0.02062862374122673,0.9854227405247813
vit,official_legacy_cross_vit_large,307000000,8.487138375477187,energy,1024,1.0,1.0,0.04534635337198657,0.024412572474824534,0.04534635337198657,0.020933780897162038,1.0
vit,official_legacy_cross_vit_huge,632000000,8.800717078282386,rank,8,0.00625,0.9746864117853892,0.029050961245041196,0.02609093683246872,0.045895636252670124,0.002960024412572475,0.14946070878274267
vit,official_legacy_cross_vit_huge,632000000,8.800717078282386,rank,16,0.0125,0.9825894486089736,0.03686298443698505,0.02609093683246872,0.045895636252670124,0.010772047604516326,0.5439137134052389
vit,official_legacy_cross_vit_huge,632000000,8.800717078282386,rank,32,0.025,0.9881529693872634,0.042233750381446444,0.02609093683246872,0.045895636252670124,0.016142813548977723,0.8151001540832049
vit,official_legacy_cross_vit_huge,632000000,8.800717078282386,rank,64,0.05,0.9924916838641671,0.045071711931644796,0.02609093683246872,0.045895636252670124,0.018980775099176075,0.9583975346687211
vit,official_legacy_cross_vit_huge,632000000,8.800717078282386,rank,128,0.1,0.9958711555607656,0.04555996338114129,0.02609093683246872,0.045895636252670124,0.019469026548672566,0.9830508474576272
vit,official_legacy_cross_vit_huge,632000000,8.800717078282386,rank,256,0.2,0.9983223701019608,0.04555996338114129,0.02609093683246872,0.045895636252670124,0.019469026548672566,0.9830508474576272
vit,official_legacy_cross_vit_huge,632000000,8.800717078282386,rank,1280,1.0,1.0,0.045895636252670124,0.02609093683246872,0.045895636252670124,0.019804699420201403,1.0
vit,official_legacy_cross_vit_huge,632000000,8.800717078282386,energy,2,0.0015625,0.5,0.00729325602685383,0.02609093683246872,0.045895636252670124,-0.01879768080561489,-0.9491525423728814
vit,official_legacy_cross_vit_huge,632000000,8.800717078282386,energy,3,0.00234375,0.75,0.01315227342081172,0.02609093683246872,0.045895636252670124,-0.012938663411657001,-0.6533127889060092
vit,official_legacy_cross_vit_huge,632000000,8.800717078282386,energy,4,0.003125,0.9,0.019804699420201403,0.02609093683246872,0.045895636252670124,-0.006286237412267318,-0.31741140215716485
vit,official_legacy_cross_vit_huge,632000000,8.800717078282386,energy,4,0.003125,0.95,0.019804699420201403,0.02609093683246872,0.045895636252670124,-0.006286237412267318,-0.31741140215716485
vit,official_legacy_cross_vit_huge,632000000,8.800717078282386,energy,43,0.03359375,0.99,0.04375953616112298,0.02609093683246872,0.045895636252670124,0.017668599328654257,0.8921417565485362
vit,official_legacy_cross_vit_huge,632000000,8.800717078282386,energy,1280,1.0,1.0,0.045895636252670124,0.02609093683246872,0.045895636252670124,0.019804699420201403,1.0
ijepa,official_legacy_cross_ijepa_huge,630000000,8.799340549453582,rank,8,0.00625,0.999998711469833,0.026182483979249317,0.019926762282575526,0.039945071711931644,0.00625572169667379,0.31250000000000017
ijepa,official_legacy_cross_ijepa_huge,630000000,8.799340549453582,rank,16,0.0125,0.9999992211592789,0.03567287152883735,0.019926762282575526,0.039945071711931644,0.015746109246261825,0.7865853658536586
ijepa,official_legacy_cross_ijepa_huge,630000000,8.799340549453582,rank,32,0.025,0.99999959628344,0.038602380225816295,0.019926762282575526,0.039945071711931644,0.01867561794324077,0.9329268292682927
ijepa,official_legacy_cross_ijepa_huge,630000000,8.799340549453582,rank,64,0.05,0.9999998259089794,0.03936527311565456,0.019926762282575526,0.039945071711931644,0.019438510833079035,0.9710365853658537
ijepa,official_legacy_cross_ijepa_huge,630000000,8.799340549453582,rank,128,0.1,0.9999999445252683,0.03976197741837046,0.019926762282575526,0.039945071711931644,0.019835215135794934,0.9908536585365854
ijepa,official_legacy_cross_ijepa_huge,630000000,8.799340549453582,rank,256,0.2,0.9999999916931137,0.03988404028074458,0.019926762282575526,0.039945071711931644,0.019957277998169057,0.9969512195121951
ijepa,official_legacy_cross_ijepa_huge,630000000,8.799340549453582,rank,1280,1.0,1.0,0.039945071711931644,0.019926762282575526,0.039945071711931644,0.020018309429356118,1.0
ijepa,official_legacy_cross_ijepa_huge,630000000,8.799340549453582,energy,1,0.00078125,0.5,0.005614891669209643,0.019926762282575526,0.039945071711931644,-0.014311870613365883,-0.7149390243902439
ijepa,official_legacy_cross_ijepa_huge,630000000,8.799340549453582,energy,1,0.00078125,0.75,0.005614891669209643,0.019926762282575526,0.039945071711931644,-0.014311870613365883,-0.7149390243902439
ijepa,official_legacy_cross_ijepa_huge,630000000,8.799340549453582,energy,1,0.00078125,0.9,0.005614891669209643,0.019926762282575526,0.039945071711931644,-0.014311870613365883,-0.7149390243902439
ijepa,official_legacy_cross_ijepa_huge,630000000,8.799340549453582,energy,1,0.00078125,0.95,0.005614891669209643,0.019926762282575526,0.039945071711931644,-0.014311870613365883,-0.7149390243902439
ijepa,official_legacy_cross_ijepa_huge,630000000,8.799340549453582,energy,1,0.00078125,0.99,0.005614891669209643,0.019926762282575526,0.039945071711931644,-0.014311870613365883,-0.7149390243902439
ijepa,official_legacy_cross_ijepa_huge,630000000,8.799340549453582,energy,1280,1.0,1.0,0.039945071711931644,0.019926762282575526,0.039945071711931644,0.020018309429356118,1.0
ijepa,official_legacy_cross_ijepa_giant,1000000000,9.0,rank,8,0.005681818181818182,0.7782007534571747,0.03783948733597803,0.03320109856576137,0.05614891669209643,0.0046383887702166615,0.20212765957446807
ijepa,official_legacy_cross_ijepa_giant,1000000000,9.0,rank,16,0.011363636363636364,0.8576127978822521,0.04809276777540433,0.03320109856576137,0.05614891669209643,0.014891669209642966,0.648936170212766
ijepa,official_legacy_cross_ijepa_giant,1000000000,9.0,rank,32,0.022727272727272728,0.9207389051677118,0.05288373512358865,0.03320109856576137,0.05614891669209643,0.01968263655782728,0.8577127659574468
ijepa,official_legacy_cross_ijepa_giant,1000000000,9.0,rank,64,0.045454545454545456,0.9643629770136156,0.055630149527006414,0.03320109856576137,0.05614891669209643,0.022429050961245048,0.9773936170212769
ijepa,official_legacy_cross_ijepa_giant,1000000000,9.0,rank,128,0.09090909090909091,0.988446405613834,0.05593530668294171,0.03320109856576137,0.05614891669209643,0.02273420811718034,0.9906914893617018
ijepa,official_legacy_cross_ijepa_giant,1000000000,9.0,rank,256,0.18181818181818182,0.9981469592884574,0.05605736954531584,0.03320109856576137,0.05614891669209643,0.02285627097955447,0.9960106382978723
ijepa,official_legacy_cross_ijepa_giant,1000000000,9.0,rank,1408,1.0,1.0,0.05614891669209643,0.03320109856576137,0.05614891669209643,0.022947818126335062,1.0
ijepa,official_legacy_cross_ijepa_giant,1000000000,9.0,energy,2,0.0014204545454545455,0.5,0.008910588953310955,0.03320109856576137,0.05614891669209643,-0.02429050961245041,-1.0585106382978724
ijepa,official_legacy_cross_ijepa_giant,1000000000,9.0,energy,7,0.004971590909090909,0.75,0.03503204150137321,0.03320109856576137,0.05614891669209643,0.00183094293561184,0.0797872340425532
ijepa,official_legacy_cross_ijepa_giant,1000000000,9.0,energy,25,0.01775568181818182,0.9,0.0526396093988404,0.03320109856576137,0.05614891669209643,0.019438510833079035,0.8470744680851063
ijepa,official_legacy_cross_ijepa_giant,1000000000,9.0,energy,49,0.03480113636363636,0.95,0.05474519377479402,0.03320109856576137,0.05614891669209643,0.02154409520903265,0.9388297872340425
ijepa,official_legacy_cross_ijepa_giant,1000000000,9.0,energy,138,0.09801136363636363,0.99,0.05617943240768995,0.03320109856576137,0.05614891669209643,0.022978333841928586,1.0013297872340423
ijepa,official_legacy_cross_ijepa_giant,1000000000,9.0,energy,1408,1.0,1.0,0.05614891669209643,0.03320109856576137,0.05614891669209643,0.022947818126335062,1.0
