family,model,parameter_count,log10_params,k,R_local,null_mean,null_sd,null_p
astropt,official_legacy_cross_astropt_15m,15000000,7.176091259055681,10,0.02199912538075127,0.000829404906839859,0.00146341656009795,0.004975124378109453
astropt,official_legacy_cross_astropt_15m,15000000,7.176091259055681,25,0.017755947431036943,0.000797885416849998,0.0009166176413854488,0.004975124378109453
astropt,official_legacy_cross_astropt_15m,15000000,7.176091259055681,50,0.014376779932891649,0.0007350338853622132,0.0007548947979122365,0.004975124378109453
astropt,official_legacy_cross_astropt_95m,95000000,7.977723605288848,10,0.020372978524736386,0.0005690488654277262,0.0013291363372998695,0.004975124378109453
astropt,official_legacy_cross_astropt_95m,95000000,7.977723605288848,25,0.015936418251956512,0.0004134760685954113,0.0009405086967015606,0.004975124378109453
astropt,official_legacy_cross_astropt_95m,95000000,7.977723605288848,50,0.012840200306868367,0.0004078542591158791,0.0006494045707351485,0.004975124378109453
astropt,official_legacy_cross_astropt_850m,850000000,8.929418925714293,10,0.016123988925550357,0.00012149256408441143,0.0013977838484076483,0.004975124378109453
astropt,official_legacy_cross_astropt_850m,850000000,8.929418925714293,25,0.012586125967462045,0.0002358308657133279,0.0008192009256476865,0.004975124378109453
astropt,official_legacy_cross_astropt_850m,850000000,8.929418925714293,50,0.009677542097232029,8.369405347376311e-05,0.0005971287668549211,0.004975124378109453
convnext,official_legacy_cross_convnext_nano,15000000,7.176091259055681,10,0.009421011669485058,1.1889444861396233e-05,0.0014624686885670564,0.004975124378109453
convnext,official_legacy_cross_convnext_nano,15000000,7.176091259055681,25,0.00556485390595793,6.560610288829955e-05,0.0009239236411342077,0.004975124378109453
convnext,official_legacy_cross_convnext_nano,15000000,7.176091259055681,50,0.004454221895988801,2.6772925137561516e-05,0.0006892646535422917,0.004975124378109453
convnext,official_legacy_cross_convnext_tiny,28000000,7.447158031342219,10,0.010722213030510545,0.0005908931355172207,0.0015960296415199148,0.004975124378109453
convnext,official_legacy_cross_convnext_tiny,28000000,7.447158031342219,25,0.007435577775600305,0.00045397522159895134,0.0009567389155231348,0.004975124378109453
convnext,official_legacy_cross_convnext_tiny,28000000,7.447158031342219,50,0.005183260577262514,0.0005242610939467905,0.0007065746324398747,0.004975124378109453
convnext,official_legacy_cross_convnext_base,89000000,7.949390006644912,10,0.009208625714025953,0.0009377501587506194,0.0013834777375234455,0.004975124378109453
convnext,official_legacy_cross_convnext_base,89000000,7.949390006644912,25,0.006142848888267531,0.0007095968016415501,0.0009779138580883267,0.004975124378109453
convnext,official_legacy_cross_convnext_base,89000000,7.949390006644912,50,0.005351376693150043,0.000853175582469278,0.0006565292582726511,0.004975124378109453
convnext,official_legacy_cross_convnext_large,198000000,8.296665190261532,10,0.007591555939987009,0.0005961306219228541,0.0015394218986682206,0.004975124378109453
convnext,official_legacy_cross_convnext_large,198000000,8.296665190261532,25,0.006684362001103423,0.0006571522737098441,0.0009569840582484395,0.004975124378109453
convnext,official_legacy_cross_convnext_large,198000000,8.296665190261532,50,0.0052528982489426475,0.0006385942455581179,0.0007037501151417642,0.004975124378109453
dinov2,official_legacy_cross_dino_small,22000000,7.342422680822207,10,0.012228914635256575,0.00042579794660608974,0.001391007434474002,0.004975124378109453
dinov2,official_legacy_cross_dino_small,22000000,7.342422680822207,25,0.007882353389278243,0.00043743892295197733,0.000882441359400423,0.004975124378109453
dinov2,official_legacy_cross_dino_small,22000000,7.342422680822207,50,0.0051348888407848885,0.00040017359189548784,0.0006367117979332842,0.004975124378109453
dinov2,official_legacy_cross_dino_base,86000000,7.9344984512435675,10,0.007993618459878981,0.00038138086928081775,0.0014678419868498168,0.004975124378109453
dinov2,official_legacy_cross_dino_base,86000000,7.9344984512435675,25,0.005737710807218224,0.00033125311554469495,0.0007924743542093237,0.004975124378109453
dinov2,official_legacy_cross_dino_base,86000000,7.9344984512435675,50,0.005081923945609528,0.0002678523916673982,0.0006340325574662597,0.004975124378109453
dinov2,official_legacy_cross_dino_large,300000000,8.477121254719663,10,0.010431195508723654,0.0008957413789202692,0.0013328282009553215,0.004975124378109453
dinov2,official_legacy_cross_dino_large,300000000,8.477121254719663,25,0.007397856131993162,0.0007552101875235278,0.0009047904228555155,0.004975124378109453
dinov2,official_legacy_cross_dino_large,300000000,8.477121254719663,50,0.005379486282716554,0.00082317285445244,0.0006093069484903466,0.004975124378109453
dinov2,official_legacy_cross_dino_giant,1100000000,9.041392685158225,10,0.009615918455934456,0.001052501010164751,0.001555127170552102,0.004975124378109453
dinov2,official_legacy_cross_dino_giant,1100000000,9.041392685158225,25,0.006691010503071196,0.0010617767685554267,0.0009728963459344287,0.004975124378109453
dinov2,official_legacy_cross_dino_giant,1100000000,9.041392685158225,50,0.006149443512374154,0.0010537198902091397,0.000645702391293179,0.004975124378109453
vit,official_legacy_cross_vit_base,86000000,7.9344984512435675,10,0.00943122526468428,0.0005259063251111977,0.0014112533736678156,0.004975124378109453
vit,official_legacy_cross_vit_base,86000000,7.9344984512435675,25,0.0068447563370337495,0.0006710731667720789,0.0008617230859617198,0.004975124378109453
vit,official_legacy_cross_vit_base,86000000,7.9344984512435675,50,0.006101509342381201,0.0006166662611787955,0.0006819487261278917,0.004975124378109453
vit,official_legacy_cross_vit_large,307000000,8.487138375477187,10,0.00807650374568091,9.012400567337128e-05,0.0008944858635767841,0.004975124378109453
vit,official_legacy_cross_vit_large,307000000,8.487138375477187,25,0.006016669237312552,0.0001812860849020726,0.0005345819067224075,0.004975124378109453
vit,official_legacy_cross_vit_large,307000000,8.487138375477187,50,0.0051124335581352095,0.00021990896424312783,0.000409507105884894,0.004975124378109453
vit,official_legacy_cross_vit_huge,632000000,8.800717078282386,10,0.009563720680014627,0.00043572600362884657,0.0011549608079571378,0.004975124378109453
vit,official_legacy_cross_vit_huge,632000000,8.800717078282386,25,0.006799835281780421,0.0004961996740077049,0.0007085404002173091,0.004975124378109453
vit,official_legacy_cross_vit_huge,632000000,8.800717078282386,50,0.005959497077426139,0.0004486217461322435,0.0005518490679383965,0.004975124378109453
ijepa,official_legacy_cross_ijepa_huge,630000000,8.799340549453582,10,0.026047109280422434,0.009836110931753635,0.0025631987649031227,0.004975124378109453
ijepa,official_legacy_cross_ijepa_huge,630000000,8.799340549453582,25,0.02301635012940388,0.009763496692596716,0.0018258921845861033,0.004975124378109453
ijepa,official_legacy_cross_ijepa_huge,630000000,8.799340549453582,50,0.021160836835717043,0.00981742710660957,0.001226890891153472,0.004975124378109453
ijepa,official_legacy_cross_ijepa_giant,1000000000,9.0,10,0.031526080814024235,0.006127688701728315,0.0025548056698821466,0.004975124378109453
ijepa,official_legacy_cross_ijepa_giant,1000000000,9.0,25,0.02573429524632043,0.006084620577036474,0.0015811797785146076,0.004975124378109453
ijepa,official_legacy_cross_ijepa_giant,1000000000,9.0,50,0.020453125997737583,0.006113356568094022,0.0012103109204172327,0.004975124378109453
