family,model,parameter_count,log10_params,eps,n_total,n_active,active_fraction,geom_mean,H,H_norm,r_eff,r_eff_norm,A_log,D_sim,S_95_5,kappa_95_5,sigma_max,sigma_min_active,r50,r50_frac,r75,r75_frac,r90,r90_frac,r95,r95_frac,r99,r99_frac
astropt,official_legacy_cross_astropt_15m,15000000,7.176091259055681,1e-06,384,384,1.0,0.12103034567590032,3.540157776488914,0.5949202536034403,34.47235768937332,0.08977176481607635,1.7851678560936985,0.8815120614091644,5.692912379232001,296.7566311730939,7.507508746409702,8.190095810570621e-05,6,0.015625,18,0.046875,46,0.11979166666666667,74,0.19270833333333334,142,0.3697916666666667
astropt,official_legacy_cross_astropt_15m,15000000,7.176091259055681,1e-08,384,384,1.0,0.12103034567590032,3.540157776488914,0.5949202536034403,34.47235768937332,0.08977176481607635,1.7851678560936985,0.8815120614091644,5.692912379232001,296.7566311730939,7.507508746409702,8.190095810570621e-05,6,0.015625,18,0.046875,46,0.11979166666666667,74,0.19270833333333334,142,0.3697916666666667
astropt,official_legacy_cross_astropt_15m,15000000,7.176091259055681,1e-10,384,384,1.0,0.12103034567590032,3.540157776488914,0.5949202536034403,34.47235768937332,0.08977176481607635,1.7851678560936985,0.8815120614091644,5.692912379232001,296.7566311730939,7.507508746409702,8.190095810570621e-05,6,0.015625,18,0.046875,46,0.11979166666666667,74,0.19270833333333334,142,0.3697916666666667
astropt,official_legacy_cross_astropt_95m,95000000,7.977723605288848,1e-06,768,768,1.0,0.16386634072778006,4.091360167797291,0.6158172266326225,59.82120326720371,0.07789219175417149,1.8630065529653046,0.8872874027034117,5.909776339126941,368.62369949016096,14.546929911563936,1.691168720687877e-05,9,0.01171875,35,0.045572916666666664,93,0.12109375,144,0.1875,272,0.3541666666666667
astropt,official_legacy_cross_astropt_95m,95000000,7.977723605288848,1e-08,768,768,1.0,0.16386634072778006,4.091360167797291,0.6158172266326225,59.82120326720371,0.07789219175417149,1.8630065529653046,0.8872874027034117,5.909776339126941,368.62369949016096,14.546929911563936,1.691168720687877e-05,9,0.01171875,35,0.045572916666666664,93,0.12109375,144,0.1875,272,0.3541666666666667
astropt,official_legacy_cross_astropt_95m,95000000,7.977723605288848,1e-10,768,768,1.0,0.16386634072778006,4.091360167797291,0.6158172266326225,59.82120326720371,0.07789219175417149,1.8630065529653046,0.8872874027034117,5.909776339126941,368.62369949016096,14.546929911563936,1.691168720687877e-05,9,0.01171875,35,0.045572916666666664,93,0.12109375,144,0.1875,272,0.3541666666666667
astropt,official_legacy_cross_astropt_850m,850000000,8.929418925714293,1e-06,2048,2047,0.99951171875,0.26816567070434627,4.724122182402947,0.6196276584359152,112.63158497918279,0.055022757684016994,1.9886840872376765,0.9061494396787491,6.436422380245746,624.1697584979398,49.93221093400817,5.048734592702326e-05,17,0.008304836345872008,77,0.03761602344894968,202,0.0986809965803615,318,0.15534929164631167,627,0.3063019052271617
astropt,official_legacy_cross_astropt_850m,850000000,8.929418925714293,1e-08,2048,2047,0.99951171875,0.26816567070434627,4.724122182402947,0.6196276584359152,112.63158497918279,0.055022757684016994,1.9886840872376765,0.9061494396787491,6.436422380245746,624.1697584979398,49.93221093400817,5.048734592702326e-05,17,0.008304836345872008,77,0.03761602344894968,202,0.0986809965803615,318,0.15534929164631167,627,0.3063019052271617
astropt,official_legacy_cross_astropt_850m,850000000,8.929418925714293,1e-10,2048,2048,1.0,0.2664026537494721,4.7241221824029465,0.6195879677369344,112.63158497918269,0.05499589110311655,2.010471164353581,0.9061976369234783,6.451704642130513,633.781743573887,49.93221093400817,3.6444555242383567e-07,17,0.00830078125,77,0.03759765625,202,0.0986328125,318,0.1552734375,627,0.30615234375
convnext,official_legacy_cross_convnext_nano,15000000,7.176091259055681,1e-06,640,640,1.0,0.19458899467912252,3.7106782534891316,0.5742778811584446,40.88152516287965,0.06387738306699944,1.8596213842317921,0.9045290548940254,6.065004249943821,430.5245073732811,17.832296306332314,0.0001076941048005315,6,0.009375,21,0.0328125,57,0.0890625,97,0.1515625,209,0.3265625
convnext,official_legacy_cross_convnext_nano,15000000,7.176091259055681,1e-08,640,640,1.0,0.19458899467912252,3.7106782534891316,0.5742778811584446,40.88152516287965,0.06387738306699944,1.8596213842317921,0.9045290548940254,6.065004249943821,430.5245073732811,17.832296306332314,0.0001076941048005315,6,0.009375,21,0.0328125,57,0.0890625,97,0.1515625,209,0.3265625
convnext,official_legacy_cross_convnext_nano,15000000,7.176091259055681,1e-10,640,640,1.0,0.19458899467912252,3.7106782534891316,0.5742778811584446,40.88152516287965,0.06387738306699944,1.8596213842317921,0.9045290548940254,6.065004249943821,430.5245073732811,17.832296306332314,0.0001076941048005315,6,0.009375,21,0.0328125,57,0.0890625,97,0.1515625,209,0.3265625
convnext,official_legacy_cross_convnext_tiny,28000000,7.447158031342219,1e-06,768,767,0.9986979166666666,0.21830282849895824,3.7728390178842672,0.5679859261606188,43.50339660345017,0.05671890039563256,1.8709577734007403,0.9102127535347547,6.085902486344699,439.61638147839255,23.771766874927774,0.00016310925994746735,7,0.009126466753585397,23,0.02998696219035202,63,0.08213820078226858,109,0.1421121251629726,242,0.3155149934810952
convnext,official_legacy_cross_convnext_tiny,28000000,7.447158031342219,1e-08,768,768,1.0,0.21560167841791897,3.772839017886386,0.5678745368870822,43.50339660354234,0.056645047660862424,1.901268886776891,0.9103354174582546,6.119016285010134,454.417457294222,23.771766874927774,1.5357137691360354e-05,7,0.009114583333333334,23,0.029947916666666668,63,0.08203125,109,0.14192708333333334,242,0.3151041666666667
convnext,official_legacy_cross_convnext_tiny,28000000,7.447158031342219,1e-10,768,768,1.0,0.21560167841791897,3.772839017886386,0.5678745368870822,43.50339660354234,0.056645047660862424,1.901268886776891,0.9103354174582546,6.119016285010134,454.417457294222,23.771766874927774,1.5357137691360354e-05,7,0.009114583333333334,23,0.029947916666666668,63,0.08203125,109,0.14192708333333334,242,0.3151041666666667
convnext,official_legacy_cross_convnext_base,89000000,7.949390006644912,1e-06,1024,1023,0.9990234375,0.2421235982186259,3.847014724922491,0.5550851497388379,46.85298520085498,0.04579959452673996,1.8846478511794913,0.9198208116105758,6.134925378617919,461.7046396950797,32.25554293631275,0.00010308327003174484,7,0.006842619745845552,24,0.02346041055718475,72,0.07038123167155426,130,0.1270772238514174,305,0.2981427174975562
convnext,official_legacy_cross_convnext_base,89000000,7.949390006644912,1e-08,1024,1024,1.0,0.2398652266343115,3.847014724923784,0.5550069065874362,46.85298520091555,0.04575486836026909,1.9074240793729171,0.9199025177372879,6.158513527810133,472.7248599518593,32.25554293631275,1.646397038719519e-05,7,0.0068359375,24,0.0234375,72,0.0703125,130,0.126953125,305,0.2978515625
convnext,official_legacy_cross_convnext_base,89000000,7.949390006644912,1e-10,1024,1024,1.0,0.2398652266343115,3.847014724923784,0.5550069065874362,46.85298520091555,0.04575486836026909,1.9074240793729171,0.9199025177372879,6.158513527810133,472.7248599518593,32.25554293631275,1.646397038719519e-05,7,0.0068359375,24,0.0234375,72,0.0703125,130,0.126953125,305,0.2978515625
convnext,official_legacy_cross_convnext_large,198000000,8.296665190261532,1e-06,1536,1534,0.9986979166666666,0.2818807111485344,4.082895471235294,0.5565838591857666,59.31697202652086,0.03866816950881412,1.8569617275329877,0.9221330530758107,6.033890652215479,417.33558244201987,49.16536063578585,7.834114993618748e-05,8,0.005215123859191656,33,0.02151238591916558,107,0.0697522816166884,197,0.12842242503259452,460,0.29986962190352023
convnext,official_legacy_cross_convnext_large,198000000,8.296665190261532,1e-08,1536,1536,1.0,0.2783588975242483,4.082895471238676,0.5564850181021173,59.31697202672148,0.038617820329896795,1.888314210942963,0.9222387124688881,6.068049048371535,431.8373653961754,49.16536063578585,8.802243289518892e-06,8,0.005208333333333333,33,0.021484375,107,0.06966145833333333,197,0.12825520833333334,460,0.2994791666666667
convnext,official_legacy_cross_convnext_large,198000000,8.296665190261532,1e-10,1536,1536,1.0,0.2783588975242483,4.082895471238676,0.5564850181021173,59.31697202672148,0.038617820329896795,1.888314210942963,0.9222387124688881,6.068049048371535,431.8373653961754,49.16536063578585,8.802243289518892e-06,8,0.005208333333333333,33,0.021484375,107,0.06966145833333333,197,0.12825520833333334,460,0.2994791666666667
dinov2,official_legacy_cross_dino_small,22000000,7.342422680822207,1e-06,384,384,1.0,0.15599284903531882,3.568608550988837,0.5997013800529782,35.46720798964318,0.09236252080636244,1.8419089871787169,0.8844512049481034,5.979049722500983,395.0647685614492,8.852476991770356,0.00019937594724057765,6,0.015625,18,0.046875,43,0.11197916666666667,68,0.17708333333333334,137,0.3567708333333333
dinov2,official_legacy_cross_dino_small,22000000,7.342422680822207,1e-08,384,384,1.0,0.15599284903531882,3.568608550988837,0.5997013800529782,35.46720798964318,0.09236252080636244,1.8419089871787169,0.8844512049481034,5.979049722500983,395.0647685614492,8.852476991770356,0.00019937594724057765,6,0.015625,18,0.046875,43,0.11197916666666667,68,0.17708333333333334,137,0.3567708333333333
dinov2,official_legacy_cross_dino_small,22000000,7.342422680822207,1e-10,384,384,1.0,0.15599284903531882,3.568608550988837,0.5997013800529782,35.46720798964318,0.09236252080636244,1.8419089871787169,0.8844512049481034,5.979049722500983,395.0647685614492,8.852476991770356,0.00019937594724057765,6,0.015625,18,0.046875,43,0.11197916666666667,68,0.17708333333333334,137,0.3567708333333333
dinov2,official_legacy_cross_dino_base,86000000,7.9344984512435675,1e-06,768,768,1.0,0.20434244670445104,3.894345605645694,0.5861632836174429,49.123896441684714,0.0639634068251103,1.8339916798749198,0.8993402186655429,5.908239415744685,368.05758825339524,19.57394843125161,8.73634798442488e-05,7,0.009114583333333334,27,0.03515625,76,0.09895833333333333,127,0.16536458333333334,265,0.3450520833333333
dinov2,official_legacy_cross_dino_base,86000000,7.9344984512435675,1e-08,768,768,1.0,0.20434244670445104,3.894345605645694,0.5861632836174429,49.123896441684714,0.0639634068251103,1.8339916798749198,0.8993402186655429,5.908239415744685,368.05758825339524,19.57394843125161,8.73634798442488e-05,7,0.009114583333333334,27,0.03515625,76,0.09895833333333333,127,0.16536458333333334,265,0.3450520833333333
dinov2,official_legacy_cross_dino_base,86000000,7.9344984512435675,1e-10,768,768,1.0,0.20434244670445104,3.894345605645694,0.5861632836174429,49.123896441684714,0.0639634068251103,1.8339916798749198,0.8993402186655429,5.908239415744685,368.05758825339524,19.57394843125161,8.73634798442488e-05,7,0.009114583333333334,27,0.03515625,76,0.09895833333333333,127,0.16536458333333334,265,0.3450520833333333
dinov2,official_legacy_cross_dino_large,300000000,8.477121254719663,1e-06,1024,1023,0.9990234375,0.23710507677244413,4.078508269113248,0.5884873168291367,59.057306500040646,0.057729527370518716,1.7747042147116414,0.9021263768764796,5.72489420559177,306.400848032216,21.28396819186933,0.00013468808534518572,8,0.007820136852394917,31,0.030303030303030304,97,0.09481915933528837,168,0.16422287390029325,360,0.3519061583577713
dinov2,official_legacy_cross_dino_large,300000000,8.477121254719663,1e-08,1024,1024,1.0,0.23481304988004048,4.078508269114307,0.5884043654075841,59.057306500103174,0.057673150879007005,1.8008404249841197,0.9022271328710034,5.768721734133506,320.1282619667422,21.28396819186933,1.1351946854371695e-05,8,0.0078125,31,0.0302734375,97,0.0947265625,168,0.1640625,360,0.3515625
dinov2,official_legacy_cross_dino_large,300000000,8.477121254719663,1e-10,1024,1024,1.0,0.23481304988004048,4.078508269114307,0.5884043654075841,59.057306500103174,0.057673150879007005,1.8008404249841197,0.9022271328710034,5.768721734133506,320.1282619667422,21.28396819186933,1.1351946854371695e-05,8,0.0078125,31,0.0302734375,97,0.0947265625,168,0.1640625,360,0.3515625
dinov2,official_legacy_cross_dino_giant,1100000000,9.041392685158225,1e-06,1536,1534,0.9986979166666666,0.28421073571069744,4.056757281382552,0.5530206784276838,57.78662117832413,0.0376705483561435,1.929483179096271,0.9278906633923324,6.260482630692688,523.4715225746152,50.15176523242801,0.000122048479839777,8,0.005215123859191656,30,0.01955671447196871,96,0.06258148631029987,177,0.11538461538461539,424,0.27640156453715775
dinov2,official_legacy_cross_dino_giant,1100000000,9.041392685158225,1e-08,1536,1535,0.9993489583333334,0.28249722188042664,4.0567572813838195,0.5529715539146608,57.786621178397375,0.03764600728234357,1.9433418728092282,0.9279394620383776,6.28469270666351,536.2994640620718,50.15176523242801,2.6440745291673846e-05,8,0.005211726384364821,30,0.019543973941368076,96,0.06254071661237785,177,0.11530944625407166,424,0.2762214983713355
dinov2,official_legacy_cross_dino_giant,1100000000,9.041392685158225,1e-10,1536,1536,1.0,0.2799451588890635,4.0567572813838195,0.552922470112094,57.786621178397375,0.03762149816301912,1.9749771217901266,0.9279881967553808,6.30350205742876,546.4823755565468,50.15176523242801,2.496323131434992e-07,8,0.005208333333333333,30,0.01953125,96,0.0625,177,0.115234375,424,0.2760416666666667
vit,official_legacy_cross_vit_base,86000000,7.9344984512435675,1e-06,768,768,1.0,0.192951487883064,3.767657587738397,0.567094646138563,43.27856975813598,0.05635230437257289,1.858029794192519,0.9101174388072693,6.043691212949554,421.4458135497733,20.28164103693776,7.388707955871666e-05,6,0.0078125,22,0.028645833333333332,64,0.08333333333333333,110,0.14322916666666666,244,0.3177083333333333
vit,official_legacy_cross_vit_base,86000000,7.9344984512435675,1e-08,768,768,1.0,0.192951487883064,3.767657587738397,0.567094646138563,43.27856975813598,0.05635230437257289,1.858029794192519,0.9101174388072693,6.043691212949554,421.4458135497733,20.28164103693776,7.388707955871666e-05,6,0.0078125,22,0.028645833333333332,64,0.08333333333333333,110,0.14322916666666666,244,0.3177083333333333
vit,official_legacy_cross_vit_base,86000000,7.9344984512435675,1e-10,768,768,1.0,0.192951487883064,3.767657587738397,0.567094646138563,43.27856975813598,0.05635230437257289,1.858029794192519,0.9101174388072693,6.043691212949554,421.4458135497733,20.28164103693776,7.388707955871666e-05,6,0.0078125,22,0.028645833333333332,64,0.08333333333333333,110,0.14322916666666666,244,0.3177083333333333
vit,official_legacy_cross_vit_large,307000000,8.487138375477187,1e-06,1024,1023,0.9990234375,0.21006945251177508,4.6439944485802815,0.6700812287450901,103.95877731356504,0.10162148319996582,1.6772027421911964,0.8644624345299811,5.378088832134273,216.60790551736014,10.1686151273956,4.247709603046634e-05,16,0.015640273704789834,56,0.05474095796676442,146,0.14271749755620725,230,0.22482893450635386,431,0.42130987292277616
vit,official_legacy_cross_vit_large,307000000,8.487138375477187,1e-08,1024,1024,1.0,0.2079646791066394,4.643994448581196,0.6699867760883969,103.95877731366014,0.10152224347037123,1.7070436787161176,0.8646051566505168,5.400432932507409,221.50229099126932,10.1686151273956,6.983608174367128e-06,16,0.015625,56,0.0546875,146,0.142578125,230,0.224609375,431,0.4208984375
vit,official_legacy_cross_vit_large,307000000,8.487138375477187,1e-10,1024,1024,1.0,0.2079646791066394,4.643994448581196,0.6699867760883969,103.95877731366014,0.10152224347037123,1.7070436787161176,0.8646051566505168,5.400432932507409,221.50229099126932,10.1686151273956,6.983608174367128e-06,16,0.015625,56,0.0546875,146,0.142578125,230,0.224609375,431,0.4208984375
vit,official_legacy_cross_vit_huge,632000000,8.800717078282386,1e-06,1280,1280,1.0,0.20116210429646522,4.515097405114315,0.6310747929658129,91.38646709815065,0.0713956774204302,1.7170432209586053,0.8840581908868798,5.492844654516202,242.9473260254547,17.83433321323074,2.667952291825764e-05,13,0.01015625,54,0.0421875,155,0.12109375,253,0.19765625,502,0.3921875
vit,official_legacy_cross_vit_huge,632000000,8.800717078282386,1e-08,1280,1280,1.0,0.20116210429646522,4.515097405114315,0.6310747929658129,91.38646709815065,0.0713956774204302,1.7170432209586053,0.8840581908868798,5.492844654516202,242.9473260254547,17.83433321323074,2.667952291825764e-05,13,0.01015625,54,0.0421875,155,0.12109375,253,0.19765625,502,0.3921875
vit,official_legacy_cross_vit_huge,632000000,8.800717078282386,1e-10,1280,1280,1.0,0.20116210429646522,4.515097405114315,0.6310747929658129,91.38646709815065,0.0713956774204302,1.7170432209586053,0.8840581908868798,5.492844654516202,242.9473260254547,17.83433321323074,2.667952291825764e-05,13,0.01015625,54,0.0421875,155,0.12109375,253,0.19765625,502,0.3921875
ijepa,official_legacy_cross_ijepa_huge,630000000,8.799340549453582,1e-06,1280,1278,0.9984375,0.22118266819217966,3.216755597662634,0.4497039531982561,24.947050472211117,0.01952038378107286,2.0273136394290105,0.9508136732034799,6.5925478349180135,729.6374996004577,74.17136496673817,8.434009148746007e-05,3,0.002347417840375587,14,0.010954616588419406,50,0.03912363067292645,97,0.07589984350547731,262,0.20500782472613457
ijepa,official_legacy_cross_ijepa_huge,630000000,8.799340549453582,1e-08,1280,1280,1.0,0.21796830362683223,3.2167555976662956,0.44960566532173857,24.94705047230246,0.019489883181486298,2.0595572498459083,0.950892507603291,6.6338689791647685,760.4185300715702,74.17136496673817,7.702428530993405e-06,3,0.00234375,14,0.0109375,50,0.0390625,97,0.07578125,262,0.2046875
ijepa,official_legacy_cross_ijepa_huge,630000000,8.799340549453582,1e-10,1280,1280,1.0,0.21796830362683223,3.2167555976662956,0.44960566532173857,24.94705047230246,0.019489883181486298,2.0595572498459083,0.950892507603291,6.6338689791647685,760.4185300715702,74.17136496673817,7.702428530993405e-06,3,0.00234375,14,0.0109375,50,0.0390625,97,0.07578125,262,0.2046875
ijepa,official_legacy_cross_ijepa_giant,1000000000,9.0,1e-06,1408,1407,0.9992897727272727,0.2274580747878402,3.61067172535833,0.49807761211537127,36.99089219158122,0.026290612787193475,2.0030524957005706,0.9392462506280987,6.507974136445901,670.4667666356884,59.21191157814272,6.552985318555606e-05,4,0.0028429282160625444,22,0.015636105188343994,74,0.052594171997157074,139,0.09879175550817342,343,0.24378109452736318
ijepa,official_legacy_cross_ijepa_giant,1000000000,9.0,1e-08,1408,1408,1.0,0.22568417894973136,3.6106717253583644,0.498028801409304,36.990892191582496,0.026271940476976206,2.023763088422389,0.9392907937394015,6.52101976055851,679.2707257634005,59.21191157814272,3.709862731042252e-06,4,0.002840909090909091,22,0.015625,74,0.052556818181818184,139,0.09872159090909091,343,0.24360795454545456
ijepa,official_legacy_cross_ijepa_giant,1000000000,9.0,1e-10,1408,1408,1.0,0.22568417894973136,3.6106717253583644,0.498028801409304,36.990892191582496,0.026271940476976206,2.023763088422389,0.9392907937394015,6.52101976055851,679.2707257634005,59.21191157814272,3.709862731042252e-06,4,0.002840909090909091,22,0.015625,74,0.052556818181818184,139,0.09872159090909091,343,0.24360795454545456
