family,model,size_name,parameter_count,log10_params,mknn_native,mknn_affine,mknn_linear_only,gain_affine,gain_linear_only,eta_linear,mknn_centered_native,mknn_centered_linear,affine_recon_max_abs_err
astropt,official_legacy_cross_astropt_15m,15m,15000000,7.176091259055681,0.017485505035093,0.0320109856576136,0.0327,0.014525480622520601,0.015214494964907,1.0474348739495847,,,1.56e-06
astropt,official_legacy_cross_astropt_95m,95m,95000000,7.977723605288848,0.0218797680805614,0.0482453463533719,0.0486,0.026365578272810504,0.0267202319194386,1.013451388888892,,,1.27e-05
astropt,official_legacy_cross_astropt_850m,850m,850000000,8.929418925714293,0.0262129996948428,0.0501678364357644,0.0498,0.0239548367409216,0.0235870003051572,0.9846445859872619,,,3.51e-05
convnext,official_legacy_cross_convnext_nano,nano,15000000,7.176091259055681,0.0179737564845895,0.0411046689044858,0.0394,0.023130912419896302,0.021426243515410497,0.926303430079156,,,1.27e-05
convnext,official_legacy_cross_convnext_tiny,tiny,28000000,7.447158031342219,0.018462007934086,0.0421116875190723,0.043,0.023649679584986302,0.024537992065913998,1.0375612903225813,,,2.14e-05
convnext,official_legacy_cross_convnext_base,base,89000000,7.949390006644912,0.0197436679890143,0.0454379005187671,0.0452,0.0256942325297528,0.025456332010985697,0.9907410926365819,,,2.41e-05
convnext,official_legacy_cross_convnext_large,large,198000000,8.296665190261532,0.0210863594751296,0.0472383277387854,0.0482,0.026151968263655796,0.0271136405248704,1.0367724620770158,,,2.68e-05
dinov2,official_legacy_cross_dino_small,small,22000000,7.342422680822207,0.022886786695148,0.0345437900518767,0.034,0.011657003356728701,0.011113213304852002,0.9533507853403155,,,2.63e-06
dinov2,official_legacy_cross_dino_base,base,86000000,7.934498451243567,0.0195300579798596,0.0328654256942325,0.0332,0.013335367714372902,0.0136699420201404,1.0250892448512607,,,2.1e-06
dinov2,official_legacy_cross_dino_large,large,300000000,8.477121254719663,0.0222459566676838,0.0375648458956362,0.0368,0.015318889227952395,0.014554043332316198,0.950071713147414,,,2.95e-06
dinov2,official_legacy_cross_dino_giant,giant,1100000000,9.041392685158224,0.0221238938053097,0.0389990845285322,0.0377,0.0168751907232225,0.015576106194690298,0.9230180831826398,,,7.97e-06
ijepa,official_legacy_cross_ijepa_huge,huge,630000000,8.799340549453582,0.0199267622825755,0.0399450717119316,0.0387,0.020018309429356104,0.0187732377174245,0.9378033536585386,,,1.68e-05
ijepa,official_legacy_cross_ijepa_giant,giant,1000000000,9.0,0.0332010985657613,0.0561489166920964,0.0559,0.022947818126335104,0.0226989014342387,0.989152925531916,,,1.59e-05
vit,official_legacy_cross_vit_base,base,86000000,7.934498451243567,0.0152578577967653,0.0268843454379005,0.0262,0.011626487641135202,0.010942142203234702,0.9411391076115503,,,6.43e-07
vit,official_legacy_cross_vit_large,large,307000000,8.487138375477187,0.0244125724748245,0.0453463533719865,0.0451,0.020933780897162003,0.0206874275251755,0.9882317784256593,,,3.31e-07
vit,official_legacy_cross_vit_huge,huge,632000000,8.800717078282386,0.0260909368324687,0.0458956362526701,0.0461,0.019804699420201397,0.020009063167531302,1.010318952234208,,,1.35e-07
