topk,pair,family,size_name,size_rank,approx_params_m,log10P,train_topk_hsc,train_topk_legacy,sae_tag_hsc,sae_tag_legacy,M_native,M_Dense_Ridge,M_SAE_Ridge,S_SAE,n_train,n_test
10,official_legacy_cross_astropt_15m,astropt,15m,0,15,7.176091259055681,22,22,F2048_k22_seed0,F2048_k22_seed0,0.017485505035093,0.0320415013732072,0.0160207506866036,-0.0160207506866036,13107,3277
20,official_legacy_cross_astropt_15m,astropt,15m,0,15,7.176091259055681,22,22,F2048_k22_seed0,F2048_k22_seed0,0.017485505035093,0.0320415013732072,0.02242905096124504,-0.00961245041196216,13107,3277
40,official_legacy_cross_astropt_15m,astropt,15m,0,15,7.176091259055681,22,22,F2048_k22_seed0,F2048_k22_seed0,0.017485505035093,0.0320415013732072,0.027738785474519377,-0.004302715898687824,13107,3277
10,official_legacy_cross_astropt_95m,astropt,95m,1,95,7.977723605288848,19,19,F2048_k19_seed0,F2048_k19_seed0,0.0218797680805614,0.0482148306377784,0.021849252364967958,-0.02636557827281044,13107,3277
20,official_legacy_cross_astropt_95m,astropt,95m,1,95,7.977723605288848,19,19,F2048_k19_seed0,F2048_k19_seed0,0.0218797680805614,0.0482148306377784,0.031797375648458956,-0.016417454989319444,13107,3277
40,official_legacy_cross_astropt_95m,astropt,95m,1,95,7.977723605288848,19,19,F2048_k19_seed0,F2048_k19_seed0,0.0218797680805614,0.0482148306377784,0.0339334757400061,-0.014281354897772297,13107,3277
10,official_legacy_cross_astropt_850m,astropt,850m,2,850,8.929418925714293,19,19,F2048_k19_seed0,F2048_k19_seed0,0.0262129996948428,0.0501983521513579,0.028654256942325297,-0.021544095209032603,13107,3277
20,official_legacy_cross_astropt_850m,astropt,850m,2,850,8.929418925714293,19,19,F2048_k19_seed0,F2048_k19_seed0,0.0262129996948428,0.0501983521513579,0.0347268843454379,-0.01547146780592,13107,3277
40,official_legacy_cross_astropt_850m,astropt,850m,2,850,8.929418925714293,19,19,F2048_k19_seed0,F2048_k19_seed0,0.0262129996948428,0.0501983521513579,0.03423863289594141,-0.01595971925541649,13107,3277
10,official_legacy_cross_convnext_nano,convnext,nano,0,15,7.176091259055681,21,21,F2048_k21_seed0,F2048_k21_seed0,0.0179737564845895,0.0411046689044858,0.023985352456515105,-0.017119316447970698,13107,3277
20,official_legacy_cross_convnext_nano,convnext,nano,0,15,7.176091259055681,21,21,F2048_k21_seed0,F2048_k21_seed0,0.0179737564845895,0.0411046689044858,0.031217577052181873,-0.00988709185230393,13107,3277
40,official_legacy_cross_convnext_nano,convnext,nano,0,15,7.176091259055681,21,21,F2048_k21_seed0,F2048_k21_seed0,0.0179737564845895,0.0411046689044858,0.03210253280439426,-0.00900213610009154,13107,3277
10,official_legacy_cross_convnext_tiny,convnext,tiny,1,28,7.447158031342219,21,21,F2048_k21_seed0,F2048_k21_seed0,0.018462007934086,0.0421116875190723,0.02285627097955447,-0.01925541653951783,13107,3277
20,official_legacy_cross_convnext_tiny,convnext,tiny,1,28,7.447158031342219,21,21,F2048_k21_seed0,F2048_k21_seed0,0.018462007934086,0.0421116875190723,0.03155324992371071,-0.01055843759536159,13107,3277
40,official_legacy_cross_convnext_tiny,convnext,tiny,1,28,7.447158031342219,21,21,F2048_k21_seed0,F2048_k21_seed0,0.018462007934086,0.0421116875190723,0.03140067134574306,-0.010711016173329244,13107,3277
10,official_legacy_cross_convnext_base,convnext,base,2,89,7.949390006644912,21,21,F2048_k21_seed0,F2048_k21_seed0,0.0197741837046078,0.0454379005187671,0.02599938968568813,-0.019438510833078973,13107,3277
20,official_legacy_cross_convnext_base,convnext,base,2,89,7.949390006644912,21,21,F2048_k21_seed0,F2048_k21_seed0,0.0197741837046078,0.0454379005187671,0.034543790051876716,-0.010894110466890386,13107,3277
40,official_legacy_cross_convnext_base,convnext,base,2,89,7.949390006644912,21,21,F2048_k21_seed0,F2048_k21_seed0,0.0197741837046078,0.0454379005187671,0.033079035703387244,-0.012358864815379858,13107,3277
10,official_legacy_cross_convnext_large,convnext,large,3,198,8.296665190261532,20,20,F2048_k20_seed0,F2048_k20_seed0,0.0210863594751296,0.0472383277387854,0.027189502593835825,-0.020048825144949572,13107,3277
20,official_legacy_cross_convnext_large,convnext,large,3,198,8.296665190261532,20,20,F2048_k20_seed0,F2048_k20_seed0,0.0210863594751296,0.0472383277387854,0.03289594140982606,-0.014342386328959338,13107,3277
40,official_legacy_cross_convnext_large,convnext,large,3,198,8.296665190261532,20,20,F2048_k20_seed0,F2048_k20_seed0,0.0210863594751296,0.0472383277387854,0.03194995422642661,-0.015288373512358788,13107,3277
10,official_legacy_cross_dino_small,dinov2,small,0,22,7.342422680822207,20,20,F2048_k20_seed0,F2048_k20_seed0,0.022886786695148,0.0345437900518767,0.0209948123283491,-0.013548977723527603,13107,3277
20,official_legacy_cross_dino_small,dinov2,small,0,22,7.342422680822207,20,20,F2048_k20_seed0,F2048_k20_seed0,0.022886786695148,0.0345437900518767,0.026274031126029905,-0.008269758925846797,13107,3277
40,official_legacy_cross_dino_small,dinov2,small,0,22,7.342422680822207,20,20,F2048_k20_seed0,F2048_k20_seed0,0.022886786695148,0.0345437900518767,0.03231614281354898,-0.002227647238327725,13107,3277
10,official_legacy_cross_dino_base,dinov2,base,1,86,7.9344984512435675,22,22,F2048_k22_seed0,F2048_k22_seed0,0.0195300579798596,0.0328654256942325,0.021269453768690876,-0.011595971925541626,13107,3277
20,official_legacy_cross_dino_base,dinov2,base,1,86,7.9344984512435675,22,22,F2048_k22_seed0,F2048_k22_seed0,0.0195300579798596,0.0328654256942325,0.028928898382667073,-0.003936527311565428,13107,3277
40,official_legacy_cross_dino_base,dinov2,base,1,86,7.9344984512435675,22,22,F2048_k22_seed0,F2048_k22_seed0,0.0195300579798596,0.0328654256942325,0.028104974061641745,-0.004760451632590756,13107,3277
10,official_legacy_cross_dino_large,dinov2,large,2,300,8.477121254719663,21,21,F2048_k21_seed0,F2048_k21_seed0,0.0222459566676838,0.0375648458956362,0.023161428135489777,-0.01440341776014642,13107,3277
20,official_legacy_cross_dino_large,dinov2,large,2,300,8.477121254719663,21,21,F2048_k21_seed0,F2048_k21_seed0,0.0222459566676838,0.0375648458956362,0.03152273420811718,-0.006042111687519017,13107,3277
40,official_legacy_cross_dino_large,dinov2,large,2,300,8.477121254719663,21,21,F2048_k21_seed0,F2048_k21_seed0,0.0222459566676838,0.0375648458956362,0.03210253280439426,-0.005462313091241934,13107,3277
10,official_legacy_cross_dino_giant,dinov2,giant,3,1100,9.041392685158225,22,22,F2048_k22_seed0,F2048_k22_seed0,0.0221238938053097,0.0389990845285321,0.02581629539212695,-0.013182789136405155,13107,3277
20,official_legacy_cross_dino_giant,dinov2,giant,3,1100,9.041392685158225,22,22,F2048_k22_seed0,F2048_k22_seed0,0.0221238938053097,0.0389990845285321,0.03228562709795545,-0.006713457430576657,13107,3277
40,official_legacy_cross_dino_giant,dinov2,giant,3,1100,9.041392685158225,22,22,F2048_k22_seed0,F2048_k22_seed0,0.0221238938053097,0.0389990845285321,0.03182789136405249,-0.007171193164479617,13107,3277
10,official_legacy_cross_vit_base,vit,base,0,86,7.9344984512435675,20,20,F2048_k20_seed0,F2048_k20_seed0,0.0152578577967653,0.0268843454379005,0.017912725053402502,-0.008971620384497999,13107,3277
20,official_legacy_cross_vit_base,vit,base,0,86,7.9344984512435675,20,20,F2048_k20_seed0,F2048_k20_seed0,0.0152578577967653,0.0268843454379005,0.02245956667683857,-0.0044247787610619295,13107,3277
40,official_legacy_cross_vit_base,vit,base,0,86,7.9344984512435675,20,20,F2048_k20_seed0,F2048_k20_seed0,0.0152578577967653,0.0268843454379005,0.024351541043637473,-0.002532804394263028,13107,3277
10,official_legacy_cross_vit_large,vit,large,1,307,8.487138375477187,23,23,F2048_k23_seed0,F2048_k23_seed0,0.0244125724748245,0.0453463533719865,0.025694232529752826,-0.019652120842233677,13107,3277
20,official_legacy_cross_vit_large,vit,large,1,307,8.487138375477187,23,23,F2048_k23_seed0,F2048_k23_seed0,0.0244125724748245,0.0453463533719865,0.03292645712541959,-0.012419896246566912,13107,3277
40,official_legacy_cross_vit_large,vit,large,1,307,8.487138375477187,23,23,F2048_k23_seed0,F2048_k23_seed0,0.0244125724748245,0.0453463533719865,0.03515410436374733,-0.010192249008239174,13107,3277
10,official_legacy_cross_vit_huge,vit,huge,2,632,8.800717078282386,23,23,F2048_k23_seed0,F2048_k23_seed0,0.0260909368324687,0.0458651205370765,0.02783033262129997,-0.018034787915776528,13107,3277
20,official_legacy_cross_vit_huge,vit,huge,2,632,8.800717078282386,23,23,F2048_k23_seed0,F2048_k23_seed0,0.0260909368324687,0.0458651205370765,0.03414708574916082,-0.01171803478791568,13107,3277
40,official_legacy_cross_vit_huge,vit,huge,2,632,8.800717078282386,23,23,F2048_k23_seed0,F2048_k23_seed0,0.0260909368324687,0.0458651205370765,0.03875495880378395,-0.0071101617332925485,13107,3277
10,official_legacy_cross_ijepa_huge,ijepa,huge,0,630,8.799340549453582,18,18,F2048_k18_seed0,F2048_k18_seed0,0.0199267622825755,0.0399755874275251,0.03716814159292035,-0.002807445834604745,13107,3277
20,official_legacy_cross_ijepa_huge,ijepa,huge,0,630,8.799340549453582,18,18,F2048_k18_seed0,F2048_k18_seed0,0.0199267622825755,0.0399755874275251,0.045529447665547756,0.005553860238022658,13107,3277
40,official_legacy_cross_ijepa_huge,ijepa,huge,0,630,8.799340549453582,18,18,F2048_k18_seed0,F2048_k18_seed0,0.0199267622825755,0.0399755874275251,0.04073848031736344,0.000762892889838343,13107,3277
10,official_legacy_cross_ijepa_giant,ijepa,giant,1,1000,9.0,18,18,F2048_k18_seed0,F2048_k18_seed0,0.0332010985657613,0.0561489166920964,0.04336283185840708,-0.012786084833689322,13107,3277
20,official_legacy_cross_ijepa_giant,ijepa,giant,1,1000,9.0,18,18,F2048_k18_seed0,F2048_k18_seed0,0.0332010985657613,0.0561489166920964,0.054806225205981086,-0.0013426914861153147,13107,3277
40,official_legacy_cross_ijepa_giant,ijepa,giant,1,1000,9.0,18,18,F2048_k18_seed0,F2048_k18_seed0,0.0332010985657613,0.0561489166920964,0.05318889227952396,-0.00296002441257244,13107,3277
