family_A,model_A,params_A,family_B,model_B,params_B,native_mknn,ridge_A_to_B_mknn,ridge_B_to_A_mknn,gain_A_to_B,gain_B_to_A,gain_symmetric,asymmetry_signed,asymmetry_abs,asymmetry_rel,log_params_A,log_params_B,min_log_params,max_log_params,mean_log_params,log_size_gap
astropt,astropt_15m,15000000,convnext,convnext_nano,15000000,0.027189502593835825,0.04382056759231004,0.07778455904790968,0.016631064998474214,0.050595056454073854,0.033613060726274034,-0.03396399145559964,0.03396399145559964,0.505220079182651,7.176091259055681,7.176091259055681,7.176091259055681,7.176091259055681,7.176091259055681,0.0
astropt,astropt_15m,15000000,convnext,convnext_tiny,28000000,0.026640219713152273,0.03790051876716509,0.07662496185535551,0.011260299054012816,0.04998474214220324,0.03062252059810803,-0.038724443088190424,0.038724443088190424,0.6322868922768239,7.176091259055681,7.447158031342219,7.176091259055681,7.447158031342219,7.31162464519895,0.2710667722865381
astropt,astropt_15m,15000000,convnext,convnext_base,89000000,0.026640219713152273,0.03884650595056454,0.07384803173634422,0.012206286237412267,0.04720781202319194,0.029707049130302105,-0.035001525785779676,0.035001525785779676,0.589111354364771,7.176091259055681,7.949390006644912,7.176091259055681,7.949390006644912,7.562740632850296,0.773298747589231
astropt,astropt_15m,15000000,convnext,convnext_large,198000000,0.033079035703387244,0.04604821483063778,0.0796155019835215,0.012969179127250534,0.04653646628013426,0.029752822703692398,-0.03356728715288373,0.03356728715288373,0.5641024693044209,7.176091259055681,8.296665190261532,7.176091259055681,8.296665190261532,7.736378224658607,1.1205739312058505
astropt,astropt_15m,15000000,dinov2,dino_small,22000000,0.023893805309734513,0.036283185840707964,0.0744278303326213,0.012389380530973451,0.05053402502288679,0.031461702776930126,-0.03814464449191334,0.03814464449191334,0.6062074691298799,7.176091259055681,7.342422680822207,7.176091259055681,7.342422680822207,7.259256969938944,0.16633142176652527
astropt,astropt_15m,15000000,dinov2,dino_base,86000000,0.02233750381446445,0.03100396704302716,0.0767165090021361,0.00866646322856271,0.05437900518767165,0.03152273420811718,-0.04571254195910894,0.04571254195910894,0.7250724890579601,7.176091259055681,7.9344984512435675,7.176091259055681,7.9344984512435675,7.555294855149624,0.7584071921878861
astropt,astropt_15m,15000000,dinov2,dino_large,300000000,0.022245956667683857,0.03280439426304547,0.07866951480012206,0.010558437595361611,0.056423558132438205,0.033490997863899905,-0.045865120537076594,0.045865120537076594,0.6847379387751151,7.176091259055681,8.477121254719663,7.176091259055681,8.477121254719663,7.826606256887672,1.3010299956639813
astropt,astropt_15m,15000000,dinov2,dino_giant,1100000000,0.023924321025328044,0.03387244430881904,0.09026548672566372,0.009948123283490998,0.06634116570033567,0.038144644491913335,-0.056393042416844674,0.056393042416844674,0.7391999031056767,7.176091259055681,9.041392685158225,7.176091259055681,9.041392685158225,8.108741972106953,1.865301426102544
astropt,astropt_15m,15000000,vit,vit_base,86000000,0.02459566676838572,0.03414708574916082,0.09371376258773269,0.009551418980775099,0.06911809581934697,0.03933475740006104,-0.05956667683857187,0.05956667683857187,0.7571760092604429,7.176091259055681,7.9344984512435675,7.176091259055681,7.9344984512435675,7.555294855149624,0.7584071921878861
astropt,astropt_15m,15000000,vit,vit_large,307000000,0.03320109856576137,0.05132743362831858,0.08782422947818126,0.018126335062557217,0.054623130912419895,0.036374732987488556,-0.03649679584986268,0.03649679584986268,0.5016777833893417,7.176091259055681,8.487138375477187,7.176091259055681,8.487138375477187,7.831614817266434,1.3110471164215056
astropt,astropt_15m,15000000,vit,vit_huge,632000000,0.05697284101312176,0.0911504424778761,0.13127860848336895,0.03417760146475434,0.0743057674702472,0.05424168446750077,-0.040128166005492856,0.040128166005492856,0.3699015130192053,7.176091259055681,8.800717078282386,7.176091259055681,8.800717078282386,7.9884041686690335,1.6246258192267042
astropt,astropt_15m,15000000,ijepa,ijepa_huge,630000000,0.0516325907842539,0.07302410741531888,0.11928593225511139,0.021391516631064984,0.0676533414708575,0.04452242905096124,-0.04626182483979251,0.04626182483979251,0.5195338690023139,7.176091259055681,8.799340549453582,7.176091259055681,8.799340549453582,7.987715904254632,1.6232492903979008
astropt,astropt_15m,15000000,ijepa,ijepa_giant,1000000000,0.06753127860848337,0.11458651205370766,0.12886786695148,0.04705523344522429,0.06133658834299663,0.05419591089411046,-0.014281354897772339,0.014281354897772339,0.13175674460115833,7.176091259055681,9.0,7.176091259055681,9.0,8.08804562952784,1.8239087409443187
astropt,astropt_95m,95000000,convnext,convnext_nano,15000000,0.031278608483368935,0.051846200793408605,0.08861763808361306,0.02056759231003967,0.057339029600244125,0.0389533109551419,-0.036771437290204455,0.036771437290204455,0.4719936722787597,7.977723605288848,7.176091259055681,7.176091259055681,7.977723605288848,7.5769074321722645,0.8016323462331663
astropt,astropt_95m,95000000,convnext,convnext_tiny,28000000,0.028867866951480015,0.04418675617943241,0.09221849252364968,0.015318889227952392,0.06335062557216967,0.03933475740006103,-0.04803173634421727,0.04803173634421727,0.6105507369753777,7.977723605288848,7.447158031342219,7.447158031342219,7.977723605288848,7.7124408183155335,0.5305655739466282
astropt,astropt_95m,95000000,convnext,convnext_base,89000000,0.029081476960634726,0.043240768996032956,0.08614586512053708,0.01415929203539823,0.057064388159902356,0.035611840097650296,-0.042905096124504126,0.042905096124504126,0.602399229903073,7.977723605288848,7.949390006644912,7.949390006644912,7.977723605288848,7.9635568059668795,0.028333598643935254
astropt,astropt_95m,95000000,convnext,convnext_large,198000000,0.036801953005797985,0.053494049435459254,0.09325602685382972,0.01669209642966127,0.056454073848031736,0.0365730851388465,-0.03976197741837047,0.03976197741837047,0.5435960875525918,7.977723605288848,8.296665190261532,7.977723605288848,8.296665190261532,8.13719439777519,0.3189415849726842
astropt,astropt_95m,95000000,dinov2,dino_small,22000000,0.02657918828196521,0.04259993896856881,0.08294171498321636,0.0160207506866036,0.056362526701251144,0.03619163869392737,-0.04034177601464754,0.04034177601464754,0.5573355047896944,7.977723605288848,7.342422680822207,7.342422680822207,7.977723605288848,7.660073143055527,0.635300924466641
astropt,astropt_95m,95000000,dinov2,dino_base,86000000,0.022886786695148,0.035367714372902044,0.08529142508391821,0.012480927677754043,0.06240463838877021,0.03744278303326212,-0.049923710711016166,0.049923710711016166,0.6666665776419571,7.977723605288848,7.9344984512435675,7.9344984512435675,7.977723605288848,7.956111028266207,0.043225154045280156
astropt,astropt_95m,95000000,dinov2,dino_large,300000000,0.025694232529752826,0.038114128776319804,0.0874580408910589,0.012419896246566978,0.06176380836130607,0.03709185230393652,-0.0493439121147391,0.0493439121147391,0.6651582813770596,7.977723605288848,8.477121254719663,7.977723605288848,8.477121254719663,8.227422430004255,0.499397649430815
astropt,astropt_95m,95000000,dinov2,dino_giant,1100000000,0.02648764113518462,0.04195910894110467,0.10180042722001832,0.015471467805920049,0.0753127860848337,0.04539212694537688,-0.059841318278913654,0.059841318278913654,0.6591595912582864,7.977723605288848,9.041392685158225,7.977723605288848,9.041392685158225,8.509558145223536,1.0636690798693778
astropt,astropt_95m,95000000,vit,vit_base,86000000,0.02599938968568813,0.03918217882209338,0.1033872444308819,0.013182789136405249,0.07738785474519377,0.04528532194079951,-0.06420506560878853,0.06420506560878853,0.7088948004363794,7.977723605288848,7.9344984512435675,7.9344984512435675,7.977723605288848,7.956111028266207,0.043225154045280156
astropt,astropt_95m,95000000,vit,vit_large,307000000,0.03658834299664327,0.05794934391211474,0.1,0.021361000915471468,0.06341165700335674,0.042386328959414105,-0.042050656087885274,0.042050656087885274,0.49604025826047793,7.977723605288848,8.487138375477187,7.977723605288848,8.487138375477187,8.232430990383017,0.5094147701883394
astropt,astropt_95m,95000000,vit,vit_huge,632000000,0.061855355508086664,0.10335672871528838,0.15044247787610618,0.041501373207201715,0.08858712236801952,0.06504424778761062,-0.04708574916081781,0.04708574916081781,0.36195164939911895,7.977723605288848,8.800717078282386,7.977723605288848,8.800717078282386,8.389220341785617,0.822993472993538
astropt,astropt_95m,95000000,ijepa,ijepa_huge,630000000,0.05361611229783338,0.08388770216661581,0.1404028074458346,0.03027158986878243,0.08678669514800122,0.05852914250839182,-0.05651510527921879,0.05651510527921879,0.4827945364411445,7.977723605288848,8.799340549453582,7.977723605288848,8.799340549453582,8.388532077371215,0.8216169441647345
astropt,astropt_95m,95000000,ijepa,ijepa_giant,1000000000,0.07717424473603905,0.122886786695148,0.14903875495880378,0.045712541959108954,0.07186451022276473,0.05878852609093684,-0.026151968263655775,0.026151968263655775,0.22242406621116875,7.977723605288848,9.0,7.977723605288848,9.0,8.488861802644424,1.0222763947111524
astropt,astropt_850m,850000000,convnext,convnext_nano,15000000,0.03246872139151663,0.054592615196826365,0.09847421422032346,0.022123893805309734,0.06600549282880683,0.044064693317058284,-0.04388159902349709,0.04388159902349709,0.497922381174112,8.929418925714293,7.176091259055681,7.176091259055681,8.929418925714293,8.052755092384988,1.7533276666586115
astropt,astropt_850m,850000000,convnext,convnext_tiny,28000000,0.03234665852914251,0.04971010070186146,0.09902349710100702,0.01736344217271895,0.06667683857186452,0.04202014037229174,-0.049313396399145566,0.049313396399145566,0.5867827914710527,8.929418925714293,7.447158031342219,7.447158031342219,8.929418925714293,8.188288478528257,1.4822608943720734
astropt,astropt_850m,850000000,convnext,convnext_base,89000000,0.032834909978639,0.049984742142203234,0.09496490692706744,0.017149832163564235,0.06212999694842844,0.03963991455599634,-0.044980164784864204,0.044980164784864204,0.5673594357491581,8.929418925714293,7.949390006644912,7.949390006644912,8.929418925714293,8.439404466179603,0.9800289190693805
astropt,astropt_850m,850000000,convnext,convnext_large,198000000,0.04113518462007934,0.06078730546231309,0.10335672871528838,0.01965212084223375,0.06222154409520904,0.040936832468721394,-0.04256942325297529,0.04256942325297529,0.5199403017575711,8.929418925714293,8.296665190261532,8.296665190261532,8.929418925714293,8.613042057987911,0.632753735452761
astropt,astropt_850m,850000000,dinov2,dino_small,22000000,0.026365578272810497,0.04607873054623131,0.09194385108330791,0.01971315227342081,0.06557827281049741,0.04264571254195911,-0.0458651205370766,0.0458651205370766,0.5377459119072147,8.929418925714293,7.342422680822207,7.342422680822207,8.929418925714293,8.135920803268249,1.5869962448920862
astropt,astropt_850m,850000000,dinov2,dino_base,86000000,0.024809276777540433,0.03982300884955752,0.09667378700030516,0.015013732072017089,0.07186451022276472,0.0434391211473909,-0.05685077815074763,0.05685077815074763,0.6543729489153441,8.929418925714293,7.9344984512435675,7.9344984512435675,8.929418925714293,8.43195868847893,0.9949204744707254
astropt,astropt_850m,850000000,dinov2,dino_large,300000000,0.025755263960939884,0.04107415318889228,0.09884040280744584,0.015318889227952395,0.07308513884650596,0.044202014037229176,-0.05776624961855356,0.05776624961855356,0.6534345135897515,8.929418925714293,8.477121254719663,8.477121254719663,8.929418925714293,8.703270090216979,0.45229767099463025
astropt,astropt_850m,850000000,dinov2,dino_giant,1100000000,0.0274641440341776,0.04379005187671651,0.11565456209948125,0.016325907842538907,0.08819041806530364,0.05225816295392127,-0.07186451022276474,0.07186451022276474,0.687591175087992,8.929418925714293,9.041392685158225,8.929418925714293,9.041392685158225,8.985405805436258,0.11197375944393251
astropt,astropt_850m,850000000,vit,vit_base,86000000,0.02828806835520293,0.041409826060421116,0.11724137931034481,0.013121757705218187,0.08895331095514189,0.05103753433018004,-0.0758315532499237,0.0758315532499237,0.7428997777434209,8.929418925714293,7.9344984512435675,7.9344984512435675,8.929418925714293,8.43195868847893,0.9949204744707254
astropt,astropt_850m,850000000,vit,vit_large,307000000,0.042325297528227036,0.06380836130607262,0.11464754348489473,0.021483063777845583,0.0723222459566677,0.04690265486725664,-0.050839182178822113,0.050839182178822113,0.5419648088477985,8.929418925714293,8.487138375477187,8.487138375477187,8.929418925714293,8.70827865059574,0.4422805502371059
astropt,astropt_850m,850000000,vit,vit_huge,632000000,0.06670735428745804,0.10863594751296919,0.16805004577357338,0.04192859322551115,0.10134269148611534,0.07163564235581324,-0.05941409826060419,0.05941409826060419,0.414696456678162,8.929418925714293,8.800717078282386,8.800717078282386,8.929418925714293,8.865068001998338,0.12870184743190727
astropt,astropt_850m,850000000,ijepa,ijepa_huge,630000000,0.05666768385718644,0.09121147390906317,0.15657613671040588,0.03454379005187673,0.09990845285321943,0.06722612145254808,-0.0653646628013427,0.0653646628013427,0.4861552066924509,8.929418925714293,8.799340549453582,8.799340549453582,8.929418925714293,8.864379737583938,0.13007837626071073
astropt,astropt_850m,850000000,ijepa,ijepa_giant,1000000000,0.08135489777235276,0.13619163869392736,0.16887397009459873,0.0548367409215746,0.08751907232224597,0.07117790662191029,-0.032682331400671366,0.032682331400671366,0.22958197744179779,8.929418925714293,9.0,8.929418925714293,9.0,8.964709462857147,0.07058107428570715
convnext,convnext_nano,15000000,dinov2,dino_small,22000000,0.062435154104363746,0.1254806225205981,0.13103448275862067,0.06304546841623436,0.06859932865425693,0.06582239853524564,-0.005553860238022568,0.005553860238022568,0.042188221181019815,7.176091259055681,7.342422680822207,7.176091259055681,7.342422680822207,7.259256969938944,0.16633142176652527
convnext,convnext_nano,15000000,dinov2,dino_base,86000000,0.05892584681110772,0.10704913030210558,0.13811412877631982,0.04812328349099786,0.0791882819652121,0.06365578272810499,-0.03106499847421424,0.03106499847421424,0.24400765101598593,7.176091259055681,7.9344984512435675,7.176091259055681,7.9344984512435675,7.555294855149624,0.7584071921878861
convnext,convnext_nano,15000000,dinov2,dino_large,300000000,0.05526396093988404,0.10286847726579189,0.14034177601464753,0.04760451632590785,0.0850778150747635,0.06634116570033567,-0.03747329874885565,0.03747329874885565,0.2824286815658052,7.176091259055681,8.477121254719663,7.176091259055681,8.477121254719663,7.826606256887672,1.3010299956639813
convnext,convnext_nano,15000000,dinov2,dino_giant,1100000000,0.058193469636862984,0.11357949343912115,0.15108330790357033,0.05538602380225816,0.09288983826670735,0.07413793103448275,-0.03750381446444919,0.03750381446444919,0.25293268514384837,7.176091259055681,9.041392685158225,7.176091259055681,9.041392685158225,8.108741972106953,1.865301426102544
convnext,convnext_nano,15000000,vit,vit_base,86000000,0.033536771437290204,0.06759231003967044,0.09096734818431493,0.03405553860238023,0.057430576747024724,0.04574305767470248,-0.02337503814464449,0.02337503814464449,0.25550364118460867,7.176091259055681,7.9344984512435675,7.176091259055681,7.9344984512435675,7.555294855149624,0.7584071921878861
convnext,convnext_nano,15000000,vit,vit_large,307000000,0.052731156545620994,0.10399755874275252,0.1031736344217272,0.05126640219713152,0.0504424778761062,0.05085444003661886,0.0008239243210253211,0.0008239243210253211,0.008100809284537824,7.176091259055681,8.487138375477187,7.176091259055681,8.487138375477187,7.831614817266434,1.3110471164215056
convnext,convnext_nano,15000000,vit,vit_huge,632000000,0.06090936832468722,0.13002746414403418,0.10967348184314922,0.06911809581934697,0.048764113518462,0.05894110466890448,0.02035398230088497,0.02035398230088497,0.172663718202977,7.176091259055681,8.800717078282386,7.176091259055681,8.800717078282386,7.9884041686690335,1.6246258192267042
convnext,convnext_nano,15000000,ijepa,ijepa_huge,630000000,0.03643576441867562,0.08675617943240768,0.11357949343912115,0.050320415013732064,0.07714372902044553,0.0637320720170888,-0.026823314006713464,0.026823314006713464,0.21043809696898153,7.176091259055681,8.799340549453582,7.176091259055681,8.799340549453582,7.987715904254632,1.6232492903979008
convnext,convnext_nano,15000000,ijepa,ijepa_giant,1000000000,0.05331095514189808,0.13719865730851388,0.11229783338419286,0.08388770216661581,0.05898687824229478,0.0714372902044553,0.024900823924321032,0.024900823924321032,0.1742844816076411,7.176091259055681,9.0,7.176091259055681,9.0,8.08804562952784,1.8239087409443187
convnext,convnext_tiny,28000000,dinov2,dino_small,22000000,0.062435154104363746,0.13121757705218187,0.12520598108025632,0.06878242294781813,0.06277082697589258,0.06577662496185535,0.0060115959719255485,0.0060115959719255485,0.045697050574130545,7.447158031342219,7.342422680822207,7.342422680822207,7.447158031342219,7.394790356082213,0.10473535052001282
convnext,convnext_tiny,28000000,dinov2,dino_base,86000000,0.06057369545315837,0.11931644797070491,0.1309429356118401,0.05874275251754654,0.07036924015868172,0.06455599633811412,-0.011626487641135178,0.011626487641135178,0.09004962668180977,7.447158031342219,7.9344984512435675,7.447158031342219,7.9344984512435675,7.690828241292893,0.487340419901348
convnext,convnext_tiny,28000000,dinov2,dino_large,300000000,0.05816295392126945,0.11956057369545317,0.1319499542264266,0.06139761977418372,0.07378700030515715,0.06759231003967044,-0.012389380530973437,0.012389380530973437,0.09164784875101568,7.447158031342219,8.477121254719663,7.447158031342219,8.477121254719663,7.962139643030941,1.0299632233774432
convnext,convnext_tiny,28000000,dinov2,dino_giant,1100000000,0.05974977113213305,0.12691486115349404,0.14202014037229174,0.06716509002136099,0.0822703692401587,0.07471772963075984,-0.015105279218797701,0.015105279218797701,0.10108228851854906,7.447158031342219,9.041392685158225,7.447158031342219,9.041392685158225,8.244275358250222,1.594234653816006
convnext,convnext_tiny,28000000,vit,vit_base,86000000,0.033628318584070796,0.07091852303936527,0.08483368935001526,0.037290204455294476,0.05120537076594446,0.04424778761061947,-0.013915166310649985,0.013915166310649985,0.157241361542071,7.447158031342219,7.9344984512435675,7.447158031342219,7.9344984512435675,7.690828241292893,0.487340419901348
convnext,convnext_tiny,28000000,vit,vit_large,307000000,0.053707659444613975,0.11376258773268233,0.09404943545926152,0.060054928288068354,0.04034177601464754,0.05019835215135795,0.01971315227342081,0.01971315227342081,0.19635256402895587,7.447158031342219,8.487138375477187,7.447158031342219,8.487138375477187,7.967148203409703,1.0399803441349675
convnext,convnext_tiny,28000000,vit,vit_huge,632000000,0.05624046383887702,0.1342081171803479,0.0992065913945682,0.07796765334147088,0.04296612755569117,0.06046689044858103,0.035001525785779704,0.035001525785779704,0.28942717768223936,7.447158031342219,8.800717078282386,7.447158031342219,8.800717078282386,8.123937554812303,1.3535590469401662
convnext,convnext_tiny,28000000,ijepa,ijepa_huge,630000000,0.04025022886786695,0.0965212084223375,0.10405859017393956,0.056270979554470545,0.06380836130607262,0.060039670430271586,-0.007537381751602075,0.007537381751602075,0.06277000747910257,7.447158031342219,8.799340549453582,7.447158031342219,8.799340549453582,8.1232492903979,1.3521825181113627
convnext,convnext_tiny,28000000,ijepa,ijepa_giant,1000000000,0.05657613671040586,0.14565151052792188,0.10207506866036009,0.08907537381751603,0.04549893194995423,0.06728715288373513,0.043576441867561794,0.043576441867561794,0.3238094997477612,7.447158031342219,9.0,7.447158031342219,9.0,8.22357901567111,1.5528419686577806
convnext,convnext_base,89000000,dinov2,dino_small,22000000,0.07570949038754958,0.14192859322551116,0.14394263045468417,0.06621910283796158,0.06823314006713459,0.06722612145254808,-0.00201403722917301,0.00201403722917301,0.014979572195005383,7.949390006644912,7.342422680822207,7.342422680822207,7.949390006644912,7.645906343733559,0.6069673258227057
convnext,convnext_base,89000000,dinov2,dino_base,86000000,0.07580103753433018,0.13707659444613976,0.15401281660054927,0.06127555691180958,0.0782117790662191,0.06974366798901434,-0.016936222154409514,0.016936222154409514,0.12141762419852206,7.949390006644912,7.9344984512435675,7.9344984512435675,7.949390006644912,7.94194422894424,0.014891555401344903
convnext,convnext_base,89000000,dinov2,dino_large,300000000,0.06884345437900519,0.13256026853829722,0.15907842538907538,0.06371681415929203,0.09023497101007019,0.07697589258468111,-0.026518156850778157,0.026518156850778157,0.1722497410413796,7.949390006644912,8.477121254719663,7.949390006644912,8.477121254719663,8.213255630682287,0.5277312480747502
convnext,convnext_base,89000000,dinov2,dino_giant,1100000000,0.07656393042416845,0.14452242905096124,0.179584986267928,0.06795849862679279,0.10302105584375953,0.08548977723527616,-0.035062557216966744,0.035062557216966744,0.20506870119560716,7.949390006644912,9.041392685158225,7.949390006644912,9.041392685158225,8.495391345901568,1.092002678513313
convnext,convnext_base,89000000,vit,vit_base,86000000,0.039121147390906316,0.07363442172718951,0.09667378700030516,0.03451327433628319,0.05755263960939884,0.046032956972841016,-0.023039365273115647,0.023039365273115647,0.25024856413442004,7.949390006644912,7.9344984512435675,7.9344984512435675,7.949390006644912,7.94194422894424,0.014891555401344903
convnext,convnext_base,89000000,vit,vit_large,307000000,0.06106194690265486,0.11614281354897774,0.11068050045773574,0.055080866646322876,0.04961855355508088,0.05234971010070188,0.0054623130912419965,0.0054623130912419965,0.052171373623853406,7.949390006644912,8.487138375477187,7.949390006644912,8.487138375477187,8.21826419106105,0.5377483688322746
convnext,convnext_base,89000000,vit,vit_huge,632000000,0.056942325297528226,0.1375038144644492,0.11101617332926457,0.08056148916692098,0.05407384803173634,0.06731766859932867,0.026487641135184634,0.026487641135184634,0.19673615945819603,7.949390006644912,8.800717078282386,7.949390006644912,8.800717078282386,8.375053542463649,0.8513270716374732
convnext,convnext_base,89000000,ijepa,ijepa_huge,630000000,0.03826670735428746,0.09279829111992675,0.12468721391516631,0.0545315837656393,0.08642050656087885,0.07047604516325907,-0.031888922795239555,0.031888922795239555,0.22623942971667876,7.949390006644912,8.799340549453582,7.949390006644912,8.799340549453582,8.374365278049247,0.8499505428086698
convnext,convnext_base,89000000,ijepa,ijepa_giant,1000000000,0.058254501068050045,0.14913030210558437,0.11977418370460788,0.09087580103753432,0.06151968263655783,0.07619774183704607,0.02935611840097648,0.02935611840097648,0.19263114474865303,7.949390006644912,9.0,7.949390006644912,9.0,8.474695003322456,1.0506099933550876
convnext,convnext_large,198000000,dinov2,dino_small,22000000,0.07192554165395179,0.1375953616112298,0.14681110772047606,0.065669819957278,0.07488556606652427,0.07027769301190114,-0.009215746109246276,0.009215746109246276,0.0655666475279657,8.296665190261532,7.342422680822207,7.342422680822207,8.296665190261532,7.819543935541869,0.9542425094393252
convnext,convnext_large,198000000,dinov2,dino_base,86000000,0.07397009459871834,0.14235581324382057,0.1658834299664327,0.06838571864510223,0.09191333536771437,0.0801495270064083,-0.023527616722612138,0.023527616722612138,0.1467732632595472,8.296665190261532,7.9344984512435675,7.9344984512435675,8.296665190261532,8.11558182075255,0.36216673901796437
convnext,convnext_large,198000000,dinov2,dino_large,300000000,0.07265791882819653,0.14037229173024107,0.17290204455294475,0.06771437290204455,0.10024412572474822,0.08397924931339638,-0.03252975282270368,0.03252975282270368,0.19367731405013516,8.296665190261532,8.477121254719663,8.296665190261532,8.477121254719663,8.386893222490597,0.18045606445813078
convnext,convnext_large,198000000,dinov2,dino_giant,1100000000,0.07735733902960025,0.15456209948123284,0.19450717119316446,0.07720476045163259,0.11714983216356421,0.0971772963075984,-0.03994507171193162,0.03994507171193162,0.20552675971877538,8.296665190261532,9.041392685158225,8.296665190261532,9.041392685158225,8.669028937709879,0.7447274948966935
convnext,convnext_large,198000000,vit,vit_base,86000000,0.042325297528227036,0.0769301190112908,0.10515715593530668,0.03460482148306377,0.06283185840707964,0.0487183399450717,-0.028227036924015868,0.028227036924015868,0.2896961807286445,8.296665190261532,7.9344984512435675,7.9344984512435675,8.296665190261532,8.11558182075255,0.36216673901796437
convnext,convnext_large,198000000,vit,vit_large,307000000,0.06396093988404028,0.11928593225511139,0.12352761672261214,0.05532499237107111,0.059566676838571864,0.057445834604821486,-0.004241684467500756,0.004241684467500756,0.036918987490477444,8.296665190261532,8.487138375477187,8.296665190261532,8.487138375477187,8.39190178286936,0.19047318521565515
convnext,convnext_large,198000000,vit,vit_huge,632000000,0.06512053707659445,0.14186756179432408,0.1277387854745194,0.07674702471772964,0.06261824839792494,0.06968263655782729,0.014128776319804692,0.014128776319804692,0.10137945407881599,8.296665190261532,8.800717078282386,8.296665190261532,8.800717078282386,8.548691134271959,0.5040518880208538
convnext,convnext_large,198000000,ijepa,ijepa_huge,630000000,0.04528532194079951,0.09969484284406468,0.1360085444003662,0.054409520903265174,0.09072322245956668,0.07256637168141593,-0.03631370155630151,0.03631370155630151,0.2502102434832009,8.296665190261532,8.799340549453582,8.296665190261532,8.799340549453582,8.548002869857557,0.5026753591920503
convnext,convnext_large,198000000,ijepa,ijepa_giant,1000000000,0.06768385718645102,0.15916997253585596,0.13201098565761366,0.09148611534940494,0.06432712847116263,0.07790662191028379,0.02715898687824231,0.02715898687824231,0.17430472833535862,8.296665190261532,9.0,8.296665190261532,9.0,8.648332595130766,0.7033348097384682
dinov2,dino_small,22000000,vit,vit_base,86000000,0.042691486115349404,0.07555691180958193,0.09444613976197742,0.03286542569423253,0.05175465364662802,0.042310039670430274,-0.01888922795239549,0.01888922795239549,0.22322391880617454,7.342422680822207,7.9344984512435675,7.342422680822207,7.9344984512435675,7.638460566032887,0.5920757704213608
dinov2,dino_small,22000000,vit,vit_large,307000000,0.06530363137015563,0.11638693927372597,0.11086359475129692,0.05108330790357034,0.045559963381141294,0.048321635642355816,0.005523344522429044,0.005523344522429044,0.057151872835911284,7.342422680822207,8.487138375477187,7.342422680822207,8.487138375477187,7.914780528149697,1.1447156946549804
dinov2,dino_small,22000000,vit,vit_huge,632000000,0.0648764113518462,0.15599633811412877,0.1077509917607568,0.09111992676228257,0.042874580408910595,0.06699725358559658,0.04824534635337198,0.04824534635337198,0.360054630382623,7.342422680822207,8.800717078282386,7.342422680822207,8.800717078282386,8.071569879552296,1.458294397460179
dinov2,dino_small,22000000,ijepa,ijepa_huge,630000000,0.044034177601464754,0.10680500457735734,0.11626487641135183,0.06277082697589259,0.07223069880988708,0.06750076289288984,-0.009459871833994493,0.009459871833994493,0.07007232754007636,7.342422680822207,8.799340549453582,7.342422680822207,8.799340549453582,8.070881615137894,1.4569178686313755
dinov2,dino_small,22000000,ijepa,ijepa_giant,1000000000,0.06551724137931034,0.16335062557216967,0.11699725358559658,0.09783338419285934,0.051480012206286244,0.0746566981995728,0.04635337198657309,0.04635337198657309,0.3104434699096004,7.342422680822207,9.0,7.342422680822207,9.0,8.171211340411103,1.6575773191777934
dinov2,dino_base,86000000,vit,vit_base,86000000,0.03646628013426915,0.07934086054317974,0.08724443088190417,0.04287458040891059,0.050778150747635024,0.046826365578272806,-0.007903570338724436,0.007903570338724436,0.08439230118756687,7.9344984512435675,7.9344984512435675,7.9344984512435675,7.9344984512435675,7.9344984512435675,0.0
dinov2,dino_base,86000000,vit,vit_large,307000000,0.06136710405859017,0.12407689960329568,0.10311260299054012,0.06270979554470552,0.04174549893194995,0.052227647238327735,0.02096429661275557,0.02096429661275557,0.20070112013737745,7.9344984512435675,8.487138375477187,7.9344984512435675,8.487138375477187,8.210818413360377,0.5526399242336195
dinov2,dino_base,86000000,vit,vit_huge,632000000,0.05770521818736649,0.16112297833384193,0.09469026548672567,0.10341776014647544,0.036985047299359176,0.0702014037229173,0.06643271284711627,0.06643271284711627,0.47315797542841376,7.9344984512435675,8.800717078282386,7.9344984512435675,8.800717078282386,8.367607764762976,0.8662186270388181
dinov2,dino_base,86000000,ijepa,ijepa_huge,630000000,0.03832773878547452,0.12065913945682025,0.10863594751296919,0.08233140067134573,0.07030820872749467,0.07631980469942021,0.012023191943851055,0.012023191943851055,0.07876848744253613,7.9344984512435675,8.799340549453582,7.9344984512435675,8.799340549453582,8.366919500348574,0.8648420982100147
dinov2,dino_base,86000000,ijepa,ijepa_giant,1000000000,0.0553249923710711,0.1768996032956973,0.10628623741226732,0.12157461092462618,0.05096124504119622,0.0862679279829112,0.07061336588342995,0.07061336588342995,0.4092677513057937,7.9344984512435675,9.0,7.9344984512435675,9.0,8.467249225621783,1.0655015487564325
dinov2,dino_large,300000000,vit,vit_base,86000000,0.03979249313396399,0.08291119926762283,0.0888617638083613,0.04311870613365884,0.049069270674397314,0.04609398840402808,-0.005950564540738473,0.005950564540738473,0.06454815585818242,8.477121254719663,7.9344984512435675,7.9344984512435675,8.477121254719663,8.205809852981615,0.5426228034760952
dinov2,dino_large,300000000,vit,vit_large,307000000,0.06158071406774489,0.12825755263960942,0.10399755874275252,0.06667683857186453,0.04241684467500763,0.05454684162343608,0.024259993896856902,0.024259993896856902,0.22237760199352738,8.477121254719663,8.487138375477187,8.477121254719663,8.487138375477187,8.482129815098425,0.010017120757524367
dinov2,dino_large,300000000,vit,vit_huge,632000000,0.058742752517546536,0.15901739395788833,0.09465974977113213,0.10027464144034179,0.035916997253585596,0.0680958193469637,0.06435764418675619,0.06435764418675619,0.47255206030577857,8.477121254719663,8.800717078282386,8.477121254719663,8.800717078282386,8.638919166501024,0.323595823562723
dinov2,dino_large,300000000,ijepa,ijepa_huge,630000000,0.0397009459871834,0.12221544095209033,0.10665242599938969,0.08251449496490693,0.0669514800122063,0.07473298748855661,0.015563014952700627,0.015563014952700627,0.10412412533248748,8.477121254719663,8.799340549453582,8.477121254719663,8.799340549453582,8.638230902086622,0.3222192947339195
dinov2,dino_large,300000000,ijepa,ijepa_giant,1000000000,0.05544705523344522,0.1768996032956973,0.10546231309124199,0.12145254806225207,0.05001525785779677,0.08573390296002442,0.0714372902044553,0.0714372902044553,0.416622150466795,8.477121254719663,9.0,8.477121254719663,9.0,8.738560627359831,0.5228787452803374
dinov2,dino_giant,1100000000,vit,vit_base,86000000,0.044552944766554775,0.08803783948733598,0.10054928288068354,0.04348489472078121,0.05599633811412877,0.04974061641745499,-0.01251144339334756,0.01251144339334756,0.12576685852337424,9.041392685158225,7.9344984512435675,7.9344984512435675,9.041392685158225,8.487945568200896,1.106894233914658
dinov2,dino_giant,1100000000,vit,vit_large,307000000,0.06335062557216967,0.1330485199877937,0.10750686603600854,0.06969789441562405,0.04415624046383887,0.05692706743973146,0.025541653951785176,0.025541653951785176,0.22433661926692314,9.041392685158225,8.487138375477187,8.487138375477187,9.041392685158225,8.764265530317706,0.5542543096810384
dinov2,dino_giant,1100000000,vit,vit_huge,632000000,0.062343606957583154,0.1735428745804089,0.10405859017393956,0.11119926762282575,0.04171498321635641,0.07645712541959108,0.06948428440646934,0.06948428440646934,0.45440028958152573,9.041392685158225,8.800717078282386,8.800717078282386,9.041392685158225,8.921054881720305,0.24067560687583978
dinov2,dino_giant,1100000000,ijepa,ijepa_huge,630000000,0.043210253280439426,0.13405553860238023,0.1177296307598413,0.0908452853219408,0.07451937747940188,0.08268233140067134,0.016325907842538928,0.016325907842538928,0.09872669637336452,9.041392685158225,8.799340549453582,8.799340549453582,9.041392685158225,8.920366617305904,0.24205213570464323
dinov2,dino_giant,1100000000,ijepa,ijepa_giant,1000000000,0.06319804699420202,0.19993896856881294,0.11907232224595668,0.13674092157461093,0.05587427525175466,0.09630759841318279,0.08086664632285627,0.08086664632285627,0.41983521267743995,9.041392685158225,9.0,9.0,9.041392685158225,9.020696342579113,0.04139268515822536
vit,vit_base,86000000,ijepa,ijepa_huge,630000000,0.0415929203539823,0.1370155630149527,0.10991760756789745,0.09542264266097042,0.06832468721391516,0.08187366493744279,0.02709795544705526,0.02709795544705526,0.16548638571936494,7.9344984512435675,8.799340549453582,7.9344984512435675,8.799340549453582,8.366919500348574,0.8648420982100147
vit,vit_base,86000000,ijepa,ijepa_giant,1000000000,0.06206896551724138,0.2239853524565151,0.1272505340250229,0.16191638693927374,0.06518156850778152,0.11354897772352762,0.09673481843149222,0.09673481843149222,0.42596074447899274,7.9344984512435675,9.0,7.9344984512435675,9.0,8.467249225621783,1.0655015487564325
vit,vit_large,307000000,ijepa,ijepa_huge,630000000,0.0595056454073848,0.1485505035093073,0.16234360695758315,0.08904485810192249,0.10283796155019835,0.09594140982606042,-0.013793103448275862,0.013793103448275862,0.07188294790775414,8.487138375477187,8.799340549453582,8.487138375477187,8.799340549453582,8.643239462465385,0.31220217397639516
vit,vit_large,307000000,ijepa,ijepa_giant,1000000000,0.09032651815685078,0.24372902044552944,0.18117180347879158,0.15340250228867866,0.0908452853219408,0.12212389380530973,0.06255721696673786,0.06255721696673786,0.2561219285443333,8.487138375477187,9.0,8.487138375477187,9.0,8.743569187738593,0.512861624522813
vit,vit_huge,632000000,ijepa,ijepa_huge,630000000,0.09682636557827282,0.1833689350015258,0.2358559658223985,0.08654256942325297,0.1390296002441257,0.11278608483368933,-0.05248703082087272,0.05248703082087272,0.23268397236870422,8.800717078282386,8.799340549453582,8.799340549453582,8.800717078282386,8.800028813867984,0.0013765288288034583
vit,vit_huge,632000000,ijepa,ijepa_giant,1000000000,0.13426914861153494,0.26631064998474213,0.23304851998779372,0.1320415013732072,0.09877937137625878,0.11541043637473299,0.033262129996948414,0.033262129996948414,0.1441036426199413,8.800717078282386,9.0,8.800717078282386,9.0,8.900358539141193,0.19928292171761441
