band,metric,n_pairs,mean,median,ci95_lo,ci95_hi
small,native,5,0.04051876716509002,0.027189502593835825,0.02565151052792188,0.055386023802258155
small,G_sym,5,0.04545926151968264,0.033613060726274034,0.03155630149527007,0.059362221544095206
small,A_dir,5,0.024479707049130307,0.03396399145559964,0.011418980775099175,0.03754043332316144
medium,native,6,0.03822601973349608,0.03277387854745194,0.027220018309429356,0.054831654968975685
medium,G_sym,6,0.04682382260197335,0.045659139456820264,0.03957125419591089,0.05646424575322958
medium,A_dir,6,0.034152171701759736,0.03297223069880989,0.018782422947818123,0.04946597497711321
large,native,1,0.06158071406774489,0.06158071406774489,0.06158071406774489,0.06158071406774489
large,G_sym,1,0.05454684162343608,0.05454684162343608,0.05454684162343608,0.05454684162343608
large,A_dir,1,0.024259993896856902,0.024259993896856902,0.024259993896856902,0.024259993896856902
xlarge,native,9,0.07022683348591191,0.06319804699420202,0.05243896856881294,0.08946868748516597
xlarge,G_sym,9,0.08288237886956226,0.07645712541959108,0.0700656511714644,0.09576488488793948
xlarge,A_dir,9,0.053527955786118735,0.05941409826060419,0.03985886481537992,0.06635540636761264
