model,family,existing_A_log,recomputed_A_log,absolute_difference,n_total,n_active,n_inactive,n_singular_values_floored
official_legacy_cross_astropt_15m,astropt,1.7620066622264654,1.762006662226471,5.551115123125783e-15,384,384,0,0
official_legacy_cross_astropt_95m,astropt,1.837457771393668,1.8374577713936728,4.884981308350689e-15,768,768,0,0
official_legacy_cross_astropt_850m,astropt,1.9329343840475377,1.9329343840475417,3.9968028886505635e-15,2048,2047,1,0
official_legacy_cross_convnext_nano,convnext,1.8310552173782828,1.8310552173782906,7.771561172376096e-15,640,640,0,0
official_legacy_cross_convnext_tiny,convnext,1.8633047863104777,1.8633047863104841,6.439293542825908e-15,768,768,0,0
official_legacy_cross_convnext_base,convnext,1.870651468703325,1.8706514687033324,7.327471962526033e-15,1024,1024,0,0
official_legacy_cross_convnext_large,convnext,1.8512846369288465,1.8512846369288483,1.7763568394002505e-15,1536,1536,0,0
official_legacy_cross_dino_small,dinov2,1.8198476657131388,1.8198476657131477,8.881784197001252e-15,384,384,0,0
official_legacy_cross_dino_base,dinov2,1.8010066018723088,1.801006601872315,6.217248937900877e-15,768,768,0,0
official_legacy_cross_dino_large,dinov2,1.7589313336434296,1.7589313336434358,6.217248937900877e-15,1024,1023,1,0
official_legacy_cross_dino_giant,dinov2,1.9078428449888687,1.9078428449888742,5.551115123125783e-15,1536,1535,1,0
official_legacy_cross_ijepa_huge,ijepa,2.623469562072254,2.623469562072255,8.881784197001252e-16,1280,1126,154,0
official_legacy_cross_ijepa_giant,ijepa,3.1530274378937637,3.1530274378937766,1.2878587085651816e-14,1408,1406,2,0
official_legacy_cross_vit_base,vit,1.8606801429405044,1.8606801429405118,7.327471962526033e-15,768,768,0,0
official_legacy_cross_vit_large,vit,1.7658223971644385,1.7658223971644427,4.218847493575595e-15,1024,1024,0,0
official_legacy_cross_vit_huge,vit,1.7774923914785663,1.777492391478571,4.6629367034256575e-15,1280,1280,0,0
