family,model,size_name,parameter_count,log10_params,n_total,n_active,A_log,H_norm,D_sim,d,P_millions
astropt,official_legacy_cross_astropt_15m,15m,15000000,7.176091259055681,384,384,1.7620066622264654,0.5368045768335822,0.8989838905197035,384,15.0
astropt,official_legacy_cross_astropt_95m,95m,95000000,7.977723605288848,768,768,1.837457771393668,0.5564379970570084,0.9016199409091332,768,95.0
astropt,official_legacy_cross_astropt_850m,850m,850000000,8.929418925714293,2048,2047,1.9329343840475377,0.5686197313137006,0.914021994538882,2048,850.0
convnext,official_legacy_cross_convnext_nano,nano,15000000,7.176091259055681,640,640,1.8310552173782828,0.5466522860935616,0.911337858100267,640,15.0
convnext,official_legacy_cross_convnext_tiny,tiny,28000000,7.447158031342219,768,768,1.8633047863104777,0.5373712558541693,0.917258691668938,768,28.0
convnext,official_legacy_cross_convnext_base,base,89000000,7.949390006644912,1024,1024,1.870651468703325,0.5429634876891983,0.9220461428000332,1024,89.0
convnext,official_legacy_cross_convnext_large,large,198000000,8.296665190261532,1536,1536,1.8512846369288465,0.5255282954439962,0.9282879873103322,1536,198.0
dinov2,official_legacy_cross_dino_small,small,22000000,7.342422680822207,384,384,1.8198476657131388,0.5765946204768491,0.8911175320856557,384,22.0
dinov2,official_legacy_cross_dino_base,base,86000000,7.934498451243567,768,768,1.8010066018723088,0.5602630768272856,0.905213284066586,768,86.0
dinov2,official_legacy_cross_dino_large,large,300000000,8.477121254719663,1024,1023,1.7589313336434296,0.0153789518185047,0.9970147746590984,1024,300.0
dinov2,official_legacy_cross_dino_giant,giant,1100000000,9.041392685158224,1536,1535,1.9078428449888687,0.5287480428921069,0.9327014224994356,1536,1100.0
ijepa,official_legacy_cross_ijepa_huge,huge,630000000,8.799340549453582,1280,1126,2.623469562072254,1.0580336746974285e-05,0.9995398170582712,1280,630.0
ijepa,official_legacy_cross_ijepa_giant,giant,1000000000,9.0,1408,1406,3.1530274378937637,0.3464134045355568,0.9768954221173598,1408,1000.0
vit,official_legacy_cross_vit_base,base,86000000,7.934498451243567,768,768,1.8606801429405044,0.3846367353239067,0.9541724863498112,768,86.0
vit,official_legacy_cross_vit_large,large,307000000,8.487138375477187,1024,1024,1.7658223971644385,0.5717710078258729,0.9097376642622396,1024,307.0
vit,official_legacy_cross_vit_huge,huge,632000000,8.800717078282386,1280,1280,1.7774923914785663,0.2105206969573332,0.990112185167638,1280,632.0
