family,model,size_name,P_millions,log10_P,d,d_active,A_log,A_log_recomputed,H_norm,D_sim,r50_anis,r80_anis,r90_anis,r95_anis,f50_anis,f80_anis,f90_anis,f95_anis,r_eff_anis,f_eff_anis,M_anis,n_singular_values_floored,n_inactive,fraction_directions_for_90pct_lift
astropt,official_legacy_cross_astropt_15m,15m,15.0,7.176091259055681,384,384,1.7620066622264654,1.762006662226471,0.5368045768335822,0.8989838905197035,44,121,172,215,0.11458333333333333,0.3151041666666667,0.4479166666666667,0.5598958333333334,173.557156463128,0.4519717616227292,1192.1923114485,0,0,0.0416666666666666
astropt,official_legacy_cross_astropt_95m,95m,95.0,7.977723605288848,768,768,1.837457771393668,1.8374577713936728,0.5564379970570084,0.9016199409091332,91,248,349,433,0.11848958333333333,0.3229166666666667,0.4544270833333333,0.5638020833333334,352.3496083088047,0.4587885524854228,2592.9608153510426,0,0,0.0416666666666666
astropt,official_legacy_cross_astropt_850m,850m,850.0,8.929418925714293,2048,2047,1.9329343840475377,1.9329343840475417,0.5686197313137006,0.914021994538882,254,659,924,1145,0.12408402540302882,0.32193453834880315,0.4513922813873962,0.5593551538837322,971.8527701721457,0.4747693063860018,7648.073726719062,0,1,0.0625
convnext,official_legacy_cross_convnext_nano,nano,15.0,7.176091259055681,640,640,1.8310552173782828,1.8310552173782906,0.5466522860935616,0.911337858100267,66,188,273,345,0.103125,0.29375,0.4265625,0.5390625,273.57203324109435,0.4274563019392099,2145.768453816486,0,0,0.05
convnext,official_legacy_cross_convnext_tiny,tiny,28.0,7.447158031342219,768,768,1.8633047863104777,1.8633047863104841,0.5373712558541693,0.917258691668938,77,222,324,411,0.10026041666666667,0.2890625,0.421875,0.53515625,317.3355597028753,0.41319734336311886,2666.4228300960453,0,0,0.0416666666666666
convnext,official_legacy_cross_convnext_base,base,89.0,7.949390006644912,1024,1024,1.870651468703325,1.8706514687033324,0.5429634876891983,0.9220461428000332,101,297,433,549,0.0986328125,0.2900390625,0.4228515625,0.5361328125,423.5811188468496,0.4136534363738766,3583.321003378621,0,0,0.03125
convnext,official_legacy_cross_convnext_large,large,198.0,8.296665190261532,1536,1536,1.8512846369288465,1.8512846369288483,0.5255282954439962,0.9282879873103322,152,447,652,825,0.09895833333333333,0.291015625,0.4244791666666667,0.537109375,631.185194377856,0.4109278609230833,5264.263383442602,0,0,0.0208333333333333
dinov2,official_legacy_cross_dino_small,small,22.0,7.342422680822207,384,384,1.8198476657131388,1.8198476657131477,0.5765946204768491,0.8911175320856557,42,115,166,209,0.109375,0.2994791666666667,0.4322916666666667,0.5442708333333334,168.98884106016985,0.44007510692752566,1271.7486821382117,0,0,0.1666666666666666
dinov2,official_legacy_cross_dino_base,base,86.0,7.934498451243567,768,768,1.8010066018723088,1.801006601872315,0.5602630768272856,0.905213284066586,79,228,331,417,0.10286458333333333,0.296875,0.4309895833333333,0.54296875,328.3467287666233,0.42753480308154074,2491.1038310305253,0,0,0.0833333333333333
dinov2,official_legacy_cross_dino_large,large,300.0,8.477121254719663,1024,1023,1.7589313336434296,1.7589313336434358,0.0153789518185047,0.9970147746590984,101,298,435,550,0.09872922776148582,0.2913000977517107,0.4252199413489736,0.5376344086021505,425.79721385034463,0.41622406045976995,3164.997743511547,0,1,0.0625
dinov2,official_legacy_cross_dino_giant,giant,1100.0,9.041392685158224,1536,1535,1.9078428449888687,1.9078428449888742,0.5287480428921069,0.9327014224994356,157,453,657,829,0.1022801302931596,0.29511400651465797,0.4280130293159609,0.5400651465798045,653.8909117622741,0.4259875646659766,5587.191733003996,0,1,0.0416666666666666
ijepa,official_legacy_cross_ijepa_huge,huge,630.0,8.799340549453582,1280,1126,2.623469562072254,2.623469562072255,1.0580336746974285e-05,0.9995398170582712,194,421,552,660,0.17229129662522202,0.3738898756660746,0.49023090586145646,0.5861456483126111,629.9689945599373,0.5594751283836032,7749.799203552659,0,154,0.025
ijepa,official_legacy_cross_ijepa_giant,giant,1000.0,9.0,1408,1406,3.1530274378937637,3.1530274378937766,0.3464134045355568,0.9768954221173598,212,502,673,806,0.1507823613086771,0.35704125177809387,0.4786628733997155,0.5732574679943101,754.2984482288088,0.5364853828085411,13977.864325900056,0,2,0.0454545454545454
vit,official_legacy_cross_vit_base,base,86.0,7.934498451243567,768,768,1.8606801429405044,1.8606801429405118,0.3846367353239067,0.9541724863498112,77,223,325,412,0.10026041666666667,0.2903645833333333,0.4231770833333333,0.5364583333333334,322.4140710053216,0.41980998828817917,2658.9162964478387,0,0,0.0833333333333333
vit,official_legacy_cross_vit_large,large,307.0,8.487138375477187,1024,1024,1.7658223971644385,1.7658223971644427,0.5717710078258729,0.9097376642622396,94,292,430,547,0.091796875,0.28515625,0.419921875,0.5341796875,397.91851192611085,0.38859229680284263,3192.963828047441,0,0,0.0625
vit,official_legacy_cross_vit_huge,huge,632.0,8.800717078282386,1280,1280,1.7774923914785663,1.777492391478571,0.2105206969573332,0.990112185167638,108,352,526,673,0.084375,0.275,0.4109375,0.52578125,471.1673172214958,0.3680994665792936,4044.133378258188,0,0,0.05
